,chrom,start,end
0,chr1,3950000,5950000
1,chr1,5950000,6550000
2,chr1,6550000,7850000
3,chr1,7850000,8450000
4,chr1,8450000,9550000
5,chr1,9550000,10450000
6,chr1,10450000,11050000
7,chr1,11050000,11850000
8,chr1,11850000,14050000
9,chr1,14050000,15050000
10,chr1,15050000,17550000
11,chr1,17550000,18550000
12,chr1,18550000,19150000
13,chr1,19150000,19750000
14,chr1,19750000,20650000
15,chr1,20650000,23050000
16,chr1,23050000,25150000
17,chr1,25150000,26050000
18,chr1,26050000,26950000
19,chr1,26950000,27750000
20,chr1,27750000,28750000
21,chr1,28750000,29250000
22,chr1,29250000,30650000
23,chr1,30650000,32250000
24,chr1,32250000,33650000
25,chr1,33650000,34650000
26,chr1,34650000,35850000
27,chr1,35850000,36450000
28,chr1,36450000,37950000
29,chr1,37950000,38950000
30,chr1,38950000,40050000
31,chr1,40050000,40550000
32,chr1,40550000,41050000
33,chr1,41050000,42250000
34,chr1,42250000,42950000
35,chr1,42950000,44150000
36,chr1,44150000,44750000
37,chr1,44750000,46250000
38,chr1,46250000,47250000
39,chr1,47250000,48450000
40,chr1,48450000,50250000
41,chr1,50250000,51850000
42,chr1,51850000,53250000
43,chr1,53250000,53850000
44,chr1,53850000,55150000
45,chr1,55150000,56750000
46,chr1,56750000,58650000
47,chr1,58650000,59850000
48,chr1,59850000,62850000
49,chr1,62850000,63550000
50,chr1,63550000,64250000
51,chr1,64250000,64850000
52,chr1,64850000,65750000
53,chr1,65750000,66650000
54,chr1,66650000,68550000
55,chr1,68550000,70150000
56,chr1,70150000,71150000
57,chr1,71150000,74650000
58,chr1,74650000,75150000
59,chr1,75150000,75850000
60,chr1,75850000,77150000
61,chr1,77150000,78050000
62,chr1,78050000,78750000
63,chr1,78750000,79350000
64,chr1,79350000,81950000
65,chr1,81950000,83250000
66,chr1,83250000,83950000
67,chr1,83950000,84850000
68,chr1,84850000,87150000
69,chr1,87150000,88950000
70,chr1,88950000,90050000
71,chr1,90050000,91150000
72,chr1,91150000,92850000
73,chr1,92850000,93950000
74,chr1,93950000,95250000
75,chr1,95250000,98550000
76,chr1,98550000,99750000
77,chr1,99750000,100850000
78,chr1,100850000,101450000
79,chr1,101450000,103050000
80,chr1,103050000,104650000
81,chr1,104650000,105950000
82,chr1,105950000,107150000
83,chr1,107150000,109050000
84,chr1,109050000,111450000
85,chr1,111450000,112350000
86,chr1,112350000,113750000
87,chr1,113750000,114850000
88,chr1,114850000,116050000
89,chr1,116050000,116550000
90,chr1,116550000,117950000
91,chr1,117950000,147350000
92,chr1,147350000,150350000
93,chr1,150350000,151150000
94,chr1,151150000,151950000
95,chr1,151950000,152650000
96,chr1,152650000,153350000
97,chr1,153350000,155150000
98,chr1,155150000,157050000
99,chr1,157050000,159050000
100,chr1,159050000,159850000
101,chr1,159850000,160450000
102,chr1,160450000,161050000
103,chr1,161050000,162450000
104,chr1,162450000,163350000
105,chr1,163350000,165050000
106,chr1,165050000,167050000
107,chr1,167050000,168250000
108,chr1,168250000,169850000
109,chr1,169850000,171550000
110,chr1,171550000,173850000
111,chr1,173850000,175150000
112,chr1,175150000,176250000
113,chr1,176250000,178450000
114,chr1,178450000,180550000
115,chr1,180550000,181250000
116,chr1,181250000,182850000
117,chr1,182850000,184050000
118,chr1,184050000,184750000
119,chr1,184750000,186350000
120,chr1,186350000,187050000
121,chr1,187050000,190450000
122,chr1,190450000,192350000
123,chr1,192350000,193150000
124,chr1,193150000,196750000
125,chr1,196750000,197450000
126,chr1,197450000,198650000
127,chr1,198650000,200550000
128,chr1,200550000,202850000
129,chr1,202850000,204450000
130,chr1,204450000,205650000
131,chr1,205650000,208050000
132,chr1,208050000,209750000
133,chr1,209750000,211150000
134,chr1,211150000,213150000
135,chr1,213150000,214650000
136,chr1,214650000,215650000
137,chr1,215650000,218250000
138,chr1,218250000,219950000
139,chr1,219950000,220850000
140,chr1,220850000,222550000
141,chr1,222550000,223750000
142,chr1,223750000,224450000
143,chr1,224450000,225350000
144,chr1,225350000,226450000
145,chr1,226450000,228050000
146,chr1,228050000,229550000
147,chr1,229550000,230450000
148,chr1,230450000,231750000
149,chr1,231750000,232550000
150,chr1,232550000,233250000
151,chr1,233250000,234450000
152,chr1,234450000,235150000
153,chr1,235150000,236050000
154,chr1,236050000,236550000
155,chr1,236550000,237750000
156,chr1,237750000,239950000
157,chr1,239950000,240750000
158,chr1,240750000,241950000
159,chr1,241950000,242450000
160,chr1,242450000,243250000
161,chr1,243250000,244350000
162,chr1,244350000,245050000
163,chr1,245050000,246550000
164,chr1,246550000,247450000
165,chr2,650000,1650000
166,chr2,1650000,3750000
167,chr2,3750000,4850000
168,chr2,4850000,6950000
169,chr2,6950000,8750000
170,chr2,8750000,10750000
171,chr2,10750000,11750000
172,chr2,11750000,12850000
173,chr2,12850000,14650000
174,chr2,14650000,15450000
175,chr2,15450000,16150000
176,chr2,16150000,17650000
177,chr2,17650000,18450000
178,chr2,18450000,19950000
179,chr2,19950000,20850000
180,chr2,20850000,23650000
181,chr2,23650000,24850000
182,chr2,24850000,25750000
183,chr2,25750000,27550000
184,chr2,27550000,28450000
185,chr2,28450000,30050000
186,chr2,30050000,30750000
187,chr2,30750000,32650000
188,chr2,32650000,34650000
189,chr2,34650000,37250000
190,chr2,37250000,37850000
191,chr2,37850000,39950000
192,chr2,39950000,41750000
193,chr2,41750000,42750000
194,chr2,42750000,43650000
195,chr2,43650000,45050000
196,chr2,45050000,45550000
197,chr2,45550000,46950000
198,chr2,46950000,48550000
199,chr2,48550000,50450000
200,chr2,50450000,53950000
201,chr2,53950000,55150000
202,chr2,55150000,55650000
203,chr2,55650000,56150000
204,chr2,56150000,57650000
205,chr2,57650000,59150000
206,chr2,59150000,60650000
207,chr2,60650000,61850000
208,chr2,61850000,62850000
209,chr2,62850000,63550000
210,chr2,63550000,65650000
211,chr2,65650000,66450000
212,chr2,66450000,67950000
213,chr2,67950000,69750000
214,chr2,69750000,71150000
215,chr2,71150000,72050000
216,chr2,72050000,72750000
217,chr2,72750000,74450000
218,chr2,74450000,75650000
219,chr2,75650000,78350000
220,chr2,78350000,79150000
221,chr2,79150000,79850000
222,chr2,79850000,84450000
223,chr2,84450000,85650000
224,chr2,85650000,88650000
225,chr2,88650000,95850000
226,chr2,95850000,98450000
227,chr2,98450000,99450000
228,chr2,99450000,100350000
229,chr2,100350000,101050000
230,chr2,101050000,101950000
231,chr2,101950000,105050000
232,chr2,105050000,106650000
233,chr2,106650000,107750000
234,chr2,107750000,108850000
235,chr2,108850000,110850000
236,chr2,110850000,112650000
237,chr2,112650000,113950000
238,chr2,113950000,114650000
239,chr2,114650000,117950000
240,chr2,117950000,118850000
241,chr2,118850000,121850000
242,chr2,121850000,124050000
243,chr2,124050000,127050000
244,chr2,127050000,127650000
245,chr2,127650000,128550000
246,chr2,128550000,131050000
247,chr2,131050000,133950000
248,chr2,133950000,135050000
249,chr2,135050000,135750000
250,chr2,135750000,136350000
251,chr2,136350000,136950000
252,chr2,136950000,137850000
253,chr2,137850000,138750000
254,chr2,138750000,139950000
255,chr2,139950000,142150000
256,chr2,142150000,143050000
257,chr2,143050000,144350000
258,chr2,144350000,146750000
259,chr2,146750000,147950000
260,chr2,147950000,148950000
261,chr2,148950000,149650000
262,chr2,149650000,151350000
263,chr2,151350000,152150000
264,chr2,152150000,152750000
265,chr2,152750000,153650000
266,chr2,153650000,154550000
267,chr2,154550000,155350000
268,chr2,155350000,157250000
269,chr2,157250000,158050000
270,chr2,158050000,158850000
271,chr2,158850000,159850000
272,chr2,159850000,161150000
273,chr2,161150000,162350000
274,chr2,162350000,163250000
275,chr2,163250000,164550000
276,chr2,164550000,165850000
277,chr2,165850000,166550000
278,chr2,166550000,168250000
279,chr2,168250000,168850000
280,chr2,168850000,170050000
281,chr2,170050000,170950000
282,chr2,170950000,171450000
283,chr2,171450000,172650000
284,chr2,172650000,173450000
285,chr2,173450000,174450000
286,chr2,174450000,175150000
287,chr2,175150000,176050000
288,chr2,176050000,176650000
289,chr2,176650000,177250000
290,chr2,177250000,177850000
291,chr2,177850000,178550000
292,chr2,178550000,180050000
293,chr2,180050000,181050000
294,chr2,181050000,183150000
295,chr2,183150000,186750000
296,chr2,186750000,187450000
297,chr2,187450000,188450000
298,chr2,188450000,189550000
299,chr2,189550000,190750000
300,chr2,190750000,191650000
301,chr2,191650000,193650000
302,chr2,193650000,196750000
303,chr2,196750000,197650000
304,chr2,197650000,198350000
305,chr2,198350000,199950000
306,chr2,199950000,202250000
307,chr2,202250000,203950000
308,chr2,203950000,206050000
309,chr2,206050000,206650000
310,chr2,206650000,207650000
311,chr2,207650000,208250000
312,chr2,208250000,210350000
313,chr2,210350000,211750000
314,chr2,211750000,212550000
315,chr2,212550000,213250000
316,chr2,213250000,215350000
317,chr2,215350000,216050000
318,chr2,216050000,216550000
319,chr2,216550000,218150000
320,chr2,218150000,219750000
321,chr2,219750000,222150000
322,chr2,222150000,222550000
323,chr2,222550000,223850000
324,chr2,223850000,224850000
325,chr2,224850000,225650000
326,chr2,225650000,227250000
327,chr2,227250000,227850000
328,chr2,227850000,229750000
329,chr2,229750000,230750000
330,chr2,230750000,231850000
331,chr2,231850000,232550000
332,chr2,232550000,235050000
333,chr2,235050000,235750000
334,chr2,235750000,236250000
335,chr2,236250000,237050000
336,chr2,237050000,237650000
337,chr2,237650000,238350000
338,chr2,238350000,238950000
339,chr2,238950000,240050000
340,chr2,240050000,241750000
341,chr3,1050000,2150000
342,chr3,2150000,3150000
343,chr3,3150000,4250000
344,chr3,4250000,5150000
345,chr3,5150000,7050000
346,chr3,7050000,8850000
347,chr3,8850000,10350000
348,chr3,10350000,11250000
349,chr3,11250000,14050000
350,chr3,14050000,15050000
351,chr3,15050000,15650000
352,chr3,15650000,16150000
353,chr3,16150000,17350000
354,chr3,17350000,17850000
355,chr3,17850000,18350000
356,chr3,18350000,18950000
357,chr3,18950000,20250000
358,chr3,20250000,22050000
359,chr3,22050000,23150000
360,chr3,23150000,23950000
361,chr3,23950000,24750000
362,chr3,24750000,25650000
363,chr3,25650000,27250000
364,chr3,27250000,27750000
365,chr3,27750000,28350000
366,chr3,28350000,30750000
367,chr3,30750000,32450000
368,chr3,32450000,33850000
369,chr3,33850000,36050000
370,chr3,36050000,37150000
371,chr3,37150000,37950000
372,chr3,37950000,39450000
373,chr3,39450000,40350000
374,chr3,40350000,42950000
375,chr3,42950000,43550000
376,chr3,43550000,44950000
377,chr3,44950000,46050000
378,chr3,46050000,47450000
379,chr3,47450000,51350000
380,chr3,51350000,53250000
381,chr3,53250000,53850000
382,chr3,53850000,54350000
383,chr3,54350000,56150000
384,chr3,56150000,57150000
385,chr3,57150000,58750000
386,chr3,58750000,61450000
387,chr3,61450000,62550000
388,chr3,62550000,63250000
389,chr3,63250000,63950000
390,chr3,63950000,64450000
391,chr3,64450000,65350000
392,chr3,65350000,66250000
393,chr3,66250000,66850000
394,chr3,66850000,67850000
395,chr3,67850000,69050000
396,chr3,69050000,70050000
397,chr3,70050000,70950000
398,chr3,70950000,71750000
399,chr3,71750000,72950000
400,chr3,72950000,73950000
401,chr3,73950000,75150000
402,chr3,75150000,77350000
403,chr3,77350000,78650000
404,chr3,78650000,79550000
405,chr3,79550000,81250000
406,chr3,81250000,83550000
407,chr3,83550000,85650000
408,chr3,85650000,87250000
409,chr3,87250000,88250000
410,chr3,88250000,89150000
411,chr3,89150000,90250000
412,chr3,90250000,96750000
413,chr3,96750000,97950000
414,chr3,97950000,98550000
415,chr3,98550000,99750000
416,chr3,99750000,100350000
417,chr3,100350000,101650000
418,chr3,101650000,103550000
419,chr3,103550000,105550000
420,chr3,105550000,107150000
421,chr3,107150000,107750000
422,chr3,107750000,108550000
423,chr3,108550000,111550000
424,chr3,111550000,113050000
425,chr3,113050000,115150000
426,chr3,115150000,115850000
427,chr3,115850000,116950000
428,chr3,116950000,117550000
429,chr3,117550000,118750000
430,chr3,118750000,121350000
431,chr3,121350000,124550000
432,chr3,124550000,125750000
433,chr3,125750000,127550000
434,chr3,127550000,128050000
435,chr3,128050000,129350000
436,chr3,129350000,130050000
437,chr3,130050000,130950000
438,chr3,130950000,132650000
439,chr3,132650000,133550000
440,chr3,133550000,134550000
441,chr3,134550000,135950000
442,chr3,135950000,137150000
443,chr3,137150000,138050000
444,chr3,138050000,139450000
445,chr3,139450000,140850000
446,chr3,140850000,142450000
447,chr3,142450000,143850000
448,chr3,143850000,146150000
449,chr3,146150000,146750000
450,chr3,146750000,149850000
451,chr3,149850000,151250000
452,chr3,151250000,151950000
453,chr3,151950000,152550000
454,chr3,152550000,154150000
455,chr3,154150000,155250000
456,chr3,155250000,156050000
457,chr3,156050000,156550000
458,chr3,156550000,157550000
459,chr3,157550000,158650000
460,chr3,158650000,159350000
461,chr3,159350000,159750000
462,chr3,159750000,160550000
463,chr3,160550000,161550000
464,chr3,161550000,163650000
465,chr3,163650000,165250000
466,chr3,165250000,168050000
467,chr3,168050000,168950000
468,chr3,168950000,169750000
469,chr3,169750000,170950000
470,chr3,170950000,171550000
471,chr3,171550000,172750000
472,chr3,172750000,173450000
473,chr3,173450000,176950000
474,chr3,176950000,178450000
475,chr3,178450000,179650000
476,chr3,179650000,180650000
477,chr3,180650000,181250000
478,chr3,181250000,181750000
479,chr3,181750000,182750000
480,chr3,182750000,184850000
481,chr3,184850000,185850000
482,chr3,185850000,187250000
483,chr3,187250000,187750000
484,chr3,187750000,189150000
485,chr3,189150000,189850000
486,chr3,189850000,192550000
487,chr3,192550000,193650000
488,chr3,193650000,194550000
489,chr3,194550000,195150000
490,chr3,195150000,196050000
491,chr3,196050000,197650000
492,chr4,750000,1750000
493,chr4,1750000,3050000
494,chr4,3050000,4350000
495,chr4,4350000,4950000
496,chr4,4950000,5850000
497,chr4,5850000,7050000
498,chr4,7050000,7650000
499,chr4,7650000,10150000
500,chr4,10150000,12650000
501,chr4,12650000,13650000
502,chr4,13650000,15650000
503,chr4,15650000,16350000
504,chr4,16350000,17550000
505,chr4,17550000,18650000
506,chr4,18650000,20750000
507,chr4,20750000,22350000
508,chr4,22350000,23650000
509,chr4,23650000,24550000
510,chr4,24550000,25350000
511,chr4,25350000,27050000
512,chr4,27050000,27650000
513,chr4,27650000,28250000
514,chr4,28250000,30750000
515,chr4,30750000,33150000
516,chr4,33150000,34750000
517,chr4,34750000,36250000
518,chr4,36250000,37450000
519,chr4,37450000,38750000
520,chr4,38750000,39350000
521,chr4,39350000,41250000
522,chr4,41250000,44650000
523,chr4,44650000,45550000
524,chr4,45550000,46250000
525,chr4,46250000,48050000
526,chr4,48050000,49050000
527,chr4,49050000,52950000
528,chr4,52950000,54350000
529,chr4,54350000,55950000
530,chr4,55950000,56450000
531,chr4,56450000,57050000
532,chr4,57050000,62050000
533,chr4,62050000,62650000
534,chr4,62650000,63450000
535,chr4,63450000,64650000
536,chr4,64650000,65650000
537,chr4,65650000,67450000
538,chr4,67450000,68250000
539,chr4,68250000,69150000
540,chr4,69150000,70650000
541,chr4,70650000,73150000
542,chr4,73150000,74250000
543,chr4,74250000,74850000
544,chr4,74850000,75450000
545,chr4,75450000,77750000
546,chr4,77750000,78850000
547,chr4,78850000,80250000
548,chr4,80250000,81450000
549,chr4,81450000,82350000
550,chr4,82350000,83550000
551,chr4,83550000,84650000
552,chr4,84650000,85850000
553,chr4,85850000,86950000
554,chr4,86950000,89150000
555,chr4,89150000,90350000
556,chr4,90350000,91250000
557,chr4,91250000,93650000
558,chr4,93650000,94350000
559,chr4,94350000,95150000
560,chr4,95150000,96450000
561,chr4,96450000,98050000
562,chr4,98050000,99050000
563,chr4,99050000,100050000
564,chr4,100050000,100950000
565,chr4,100950000,102350000
566,chr4,102350000,103150000
567,chr4,103150000,104050000
568,chr4,104050000,105550000
569,chr4,105550000,107950000
570,chr4,107950000,108650000
571,chr4,108650000,109350000
572,chr4,109350000,109950000
573,chr4,109950000,110450000
574,chr4,110450000,111550000
575,chr4,111550000,112150000
576,chr4,112150000,113250000
577,chr4,113250000,114950000
578,chr4,114950000,116050000
579,chr4,116050000,117150000
580,chr4,117150000,118350000
581,chr4,118350000,119550000
582,chr4,119550000,120050000
583,chr4,120050000,121250000
584,chr4,121250000,121850000
585,chr4,121850000,123050000
586,chr4,123050000,124250000
587,chr4,124250000,125250000
588,chr4,125250000,127650000
589,chr4,127650000,129150000
590,chr4,129150000,131750000
591,chr4,131750000,134950000
592,chr4,134950000,136950000
593,chr4,136950000,138950000
594,chr4,138950000,139550000
595,chr4,139550000,141250000
596,chr4,141250000,142150000
597,chr4,142150000,143550000
598,chr4,143550000,145150000
599,chr4,145150000,146250000
600,chr4,146250000,147050000
601,chr4,147050000,147750000
602,chr4,147750000,149950000
603,chr4,149950000,150950000
604,chr4,150950000,151750000
605,chr4,151750000,152850000
606,chr4,152850000,153650000
607,chr4,153650000,154750000
608,chr4,154750000,155950000
609,chr4,155950000,157050000
610,chr4,157050000,158650000
611,chr4,158650000,159450000
612,chr4,159450000,160750000
613,chr4,160750000,162350000
614,chr4,162350000,163450000
615,chr4,163450000,165450000
616,chr4,165450000,166150000
617,chr4,166150000,168950000
618,chr4,168950000,169550000
619,chr4,169550000,170050000
620,chr4,170050000,172150000
621,chr4,172150000,172850000
622,chr4,172850000,173450000
623,chr4,173450000,174350000
624,chr4,174350000,176450000
625,chr4,176450000,177650000
626,chr4,177650000,181650000
627,chr4,181650000,183350000
628,chr4,183350000,185150000
629,chr4,185150000,186150000
630,chr4,186150000,186750000
631,chr4,186750000,187650000
632,chr4,187650000,188350000
633,chr4,188350000,189350000
634,chr5,1050000,2450000
635,chr5,2450000,3450000
636,chr5,3450000,5050000
637,chr5,5050000,5450000
638,chr5,5450000,6750000
639,chr5,6750000,7850000
640,chr5,7850000,9050000
641,chr5,9050000,11250000
642,chr5,11250000,12050000
643,chr5,12050000,13950000
644,chr5,13950000,15450000
645,chr5,15450000,17250000
646,chr5,17250000,18350000
647,chr5,18350000,21750000
648,chr5,21750000,23250000
649,chr5,23250000,24250000
650,chr5,24250000,26850000
651,chr5,26850000,28750000
652,chr5,28750000,31350000
653,chr5,31350000,32550000
654,chr5,32550000,33350000
655,chr5,33350000,34050000
656,chr5,34050000,34950000
657,chr5,34950000,35950000
658,chr5,35950000,37350000
659,chr5,37350000,38350000
660,chr5,38350000,38950000
661,chr5,38950000,40850000
662,chr5,40850000,41950000
663,chr5,41950000,43550000
664,chr5,43550000,44850000
665,chr5,44850000,45950000
666,chr5,45950000,52050000
667,chr5,52050000,53050000
668,chr5,53050000,54250000
669,chr5,54250000,55150000
670,chr5,55150000,55750000
671,chr5,55750000,57350000
672,chr5,57350000,58950000
673,chr5,58950000,59750000
674,chr5,59750000,60850000
675,chr5,60850000,62250000
676,chr5,62250000,64150000
677,chr5,64150000,64750000
678,chr5,64750000,65650000
679,chr5,65650000,66250000
680,chr5,66250000,67150000
681,chr5,67150000,68350000
682,chr5,68350000,68950000
683,chr5,68950000,72250000
684,chr5,72250000,72950000
685,chr5,72950000,73650000
686,chr5,73650000,74750000
687,chr5,74750000,75750000
688,chr5,75750000,76850000
689,chr5,76850000,78350000
690,chr5,78350000,80650000
691,chr5,80650000,81350000
692,chr5,81350000,82250000
693,chr5,82250000,83550000
694,chr5,83550000,85350000
695,chr5,85350000,87550000
696,chr5,87550000,88650000
697,chr5,88650000,90750000
698,chr5,90750000,91450000
699,chr5,91450000,92950000
700,chr5,92950000,93950000
701,chr5,93950000,94850000
702,chr5,94850000,95550000
703,chr5,95550000,96750000
704,chr5,96750000,97250000
705,chr5,97250000,98950000
706,chr5,98950000,100350000
707,chr5,100350000,102550000
708,chr5,102550000,103250000
709,chr5,103250000,104350000
710,chr5,104350000,108450000
711,chr5,108450000,111050000
712,chr5,111050000,112150000
713,chr5,112150000,112850000
714,chr5,112850000,113650000
715,chr5,113650000,114450000
716,chr5,114450000,115150000
717,chr5,115150000,116150000
718,chr5,116150000,118950000
719,chr5,118950000,119450000
720,chr5,119450000,122050000
721,chr5,122050000,123650000
722,chr5,123650000,126550000
723,chr5,126550000,127650000
724,chr5,127650000,128150000
725,chr5,128150000,129850000
726,chr5,129850000,131450000
727,chr5,131450000,132250000
728,chr5,132250000,133050000
729,chr5,133050000,134050000
730,chr5,134050000,135450000
731,chr5,135450000,137650000
732,chr5,137650000,138550000
733,chr5,138550000,139350000
734,chr5,139350000,140250000
735,chr5,140250000,141550000
736,chr5,141550000,142850000
737,chr5,142850000,144150000
738,chr5,144150000,146450000
739,chr5,146450000,147850000
740,chr5,147850000,149250000
741,chr5,149250000,150050000
742,chr5,150050000,151750000
743,chr5,151750000,152550000
744,chr5,152550000,154050000
745,chr5,154050000,154950000
746,chr5,154950000,157150000
747,chr5,157150000,157750000
748,chr5,157750000,159250000
749,chr5,159250000,159950000
750,chr5,159950000,160450000
751,chr5,160450000,163450000
752,chr5,163450000,164550000
753,chr5,164550000,165450000
754,chr5,165450000,168250000
755,chr5,168250000,169650000
756,chr5,169650000,170850000
757,chr5,170850000,171350000
758,chr5,171350000,172550000
759,chr5,172550000,173550000
760,chr5,173550000,174850000
761,chr5,174850000,176250000
762,chr5,176250000,177350000
763,chr5,177350000,178750000
764,chr5,178750000,179750000
765,chr5,179750000,180650000
766,chr6,650000,1550000
767,chr6,1550000,2750000
768,chr6,2750000,4150000
769,chr6,4150000,5450000
770,chr6,5450000,6650000
771,chr6,6650000,7150000
772,chr6,7150000,8150000
773,chr6,8150000,10550000
774,chr6,10550000,11550000
775,chr6,11550000,12750000
776,chr6,12750000,15550000
777,chr6,15550000,16250000
778,chr6,16250000,17150000
779,chr6,17150000,18250000
780,chr6,18250000,20150000
781,chr6,20150000,21650000
782,chr6,21650000,22850000
783,chr6,22850000,24250000
784,chr6,24250000,25150000
785,chr6,25150000,25950000
786,chr6,25950000,27950000
787,chr6,27950000,29650000
788,chr6,29650000,30350000
789,chr6,30350000,31450000
790,chr6,31450000,32250000
791,chr6,32250000,35350000
792,chr6,35350000,37350000
793,chr6,37350000,38650000
794,chr6,38650000,39450000
795,chr6,39450000,40350000
796,chr6,40350000,41150000
797,chr6,41150000,43550000
798,chr6,43550000,44450000
799,chr6,44450000,45850000
800,chr6,45850000,47450000
801,chr6,47450000,49450000
802,chr6,49450000,50050000
803,chr6,50050000,50750000
804,chr6,50750000,51350000
805,chr6,51350000,52150000
806,chr6,52150000,53850000
807,chr6,53850000,55250000
808,chr6,55250000,56450000
809,chr6,56450000,57450000
810,chr6,57450000,61450000
811,chr6,61450000,63950000
812,chr6,63950000,66950000
813,chr6,66950000,68950000
814,chr6,68950000,70250000
815,chr6,70250000,71050000
816,chr6,71050000,72350000
817,chr6,72350000,73650000
818,chr6,73650000,75850000
819,chr6,75850000,77450000
820,chr6,77450000,78950000
821,chr6,78950000,79950000
822,chr6,79950000,82150000
823,chr6,82150000,83050000
824,chr6,83050000,84250000
825,chr6,84250000,85650000
826,chr6,85650000,87050000
827,chr6,87050000,88850000
828,chr6,88850000,89850000
829,chr6,89850000,90550000
830,chr6,90550000,92850000
831,chr6,92850000,95250000
832,chr6,95250000,96550000
833,chr6,96550000,97150000
834,chr6,97150000,99250000
835,chr6,99250000,100650000
836,chr6,100650000,104650000
837,chr6,104650000,105450000
838,chr6,105450000,106350000
839,chr6,106350000,107050000
840,chr6,107050000,107750000
841,chr6,107750000,108550000
842,chr6,108550000,109450000
843,chr6,109450000,110450000
844,chr6,110450000,112150000
845,chr6,112150000,113950000
846,chr6,113950000,116150000
847,chr6,116150000,116750000
848,chr6,116750000,117850000
849,chr6,117850000,118950000
850,chr6,118950000,121350000
851,chr6,121350000,122450000
852,chr6,122450000,123350000
853,chr6,123350000,125250000
854,chr6,125250000,125850000
855,chr6,125850000,127250000
856,chr6,127250000,129450000
857,chr6,129450000,130850000
858,chr6,130850000,131650000
859,chr6,131650000,132850000
860,chr6,132850000,133550000
861,chr6,133550000,135050000
862,chr6,135050000,136350000
863,chr6,136350000,138050000
864,chr6,138050000,138850000
865,chr6,138850000,141650000
866,chr6,141650000,142250000
867,chr6,142250000,143450000
868,chr6,143450000,144550000
869,chr6,144550000,145850000
870,chr6,145850000,146750000
871,chr6,146750000,147350000
872,chr6,147350000,149050000
873,chr6,149050000,149950000
874,chr6,149950000,150850000
875,chr6,150850000,151450000
876,chr6,151450000,152450000
877,chr6,152450000,153050000
878,chr6,153050000,154750000
879,chr6,154750000,155350000
880,chr6,155350000,156650000
881,chr6,156650000,157250000
882,chr6,157250000,158150000
883,chr6,158150000,159150000
884,chr6,159150000,159750000
885,chr6,159750000,160750000
886,chr6,160750000,161350000
887,chr6,161350000,163450000
888,chr6,163450000,164150000
889,chr6,164150000,165050000
890,chr6,165050000,166250000
891,chr6,166250000,167850000
892,chr6,167850000,169650000
893,chr7,350000,1550000
894,chr7,1550000,2350000
895,chr7,2350000,3350000
896,chr7,3350000,5850000
897,chr7,5850000,7550000
898,chr7,7550000,8350000
899,chr7,8350000,10850000
900,chr7,10850000,11350000
901,chr7,11350000,12550000
902,chr7,12550000,13250000
903,chr7,13250000,14550000
904,chr7,14550000,16650000
905,chr7,16650000,17650000
906,chr7,17650000,18450000
907,chr7,18450000,19050000
908,chr7,19050000,19650000
909,chr7,19650000,20650000
910,chr7,20650000,22050000
911,chr7,22050000,22550000
912,chr7,22550000,23150000
913,chr7,23150000,25150000
914,chr7,25150000,25850000
915,chr7,25850000,26750000
916,chr7,26750000,28150000
917,chr7,28150000,28850000
918,chr7,28850000,30150000
919,chr7,30150000,30650000
920,chr7,30650000,31750000
921,chr7,31750000,32550000
922,chr7,32550000,33250000
923,chr7,33250000,34050000
924,chr7,34050000,34950000
925,chr7,34950000,35650000
926,chr7,35650000,36450000
927,chr7,36450000,37150000
928,chr7,37150000,38550000
929,chr7,38550000,39550000
930,chr7,39550000,40150000
931,chr7,40150000,40950000
932,chr7,40950000,41850000
933,chr7,41850000,42850000
934,chr7,42850000,43950000
935,chr7,43950000,45150000
936,chr7,45150000,45750000
937,chr7,45750000,47250000
938,chr7,47250000,48150000
939,chr7,48150000,48950000
940,chr7,48950000,50050000
941,chr7,50050000,51350000
942,chr7,51350000,54650000
943,chr7,54650000,62950000
944,chr7,62950000,65950000
945,chr7,65950000,67050000
946,chr7,67050000,70050000
947,chr7,70050000,70750000
948,chr7,70750000,71750000
949,chr7,71750000,78050000
950,chr7,78050000,79250000
951,chr7,79250000,80050000
952,chr7,80050000,81450000
953,chr7,81450000,82050000
954,chr7,82050000,82650000
955,chr7,82650000,83850000
956,chr7,83850000,85050000
957,chr7,85050000,85850000
958,chr7,85850000,87350000
959,chr7,87350000,88150000
960,chr7,88150000,90350000
961,chr7,90350000,91150000
962,chr7,91150000,91950000
963,chr7,91950000,92550000
964,chr7,92550000,93150000
965,chr7,93150000,95950000
966,chr7,95950000,97050000
967,chr7,97050000,98050000
968,chr7,98050000,98950000
969,chr7,98950000,99450000
970,chr7,99450000,103450000
971,chr7,103450000,104150000
972,chr7,104150000,104950000
973,chr7,104950000,105550000
974,chr7,105550000,106150000
975,chr7,106150000,107250000
976,chr7,107250000,107950000
977,chr7,107950000,108550000
978,chr7,108550000,110950000
979,chr7,110950000,111750000
980,chr7,111750000,112450000
981,chr7,112450000,114750000
982,chr7,114750000,116050000
983,chr7,116050000,116850000
984,chr7,116850000,118250000
985,chr7,118250000,120650000
986,chr7,120650000,122050000
987,chr7,122050000,124050000
988,chr7,124050000,124850000
989,chr7,124850000,126850000
990,chr7,126850000,128350000
991,chr7,128350000,129050000
992,chr7,129050000,130050000
993,chr7,130050000,130850000
994,chr7,130850000,131650000
995,chr7,131650000,132750000
996,chr7,132750000,134350000
997,chr7,134350000,135650000
998,chr7,135650000,137550000
999,chr7,137550000,139350000
1000,chr7,139350000,140550000
1001,chr7,140550000,141750000
1002,chr7,141750000,142750000
1003,chr7,142750000,148250000
1004,chr7,148250000,149050000
1005,chr7,149050000,151350000
1006,chr7,151350000,152150000
1007,chr7,152150000,152950000
1008,chr7,152950000,154050000
1009,chr7,154050000,154850000
1010,chr7,154850000,155750000
1011,chr7,155750000,156450000
1012,chr7,156450000,157350000
1013,chr7,157350000,158550000
1014,chr8,1050000,1750000
1015,chr8,1750000,4950000
1016,chr8,4950000,6850000
1017,chr8,6850000,9850000
1018,chr8,9850000,11350000
1019,chr8,11350000,12950000
1020,chr8,12950000,13750000
1021,chr8,13750000,14350000
1022,chr8,14350000,15850000
1023,chr8,15850000,17250000
1024,chr8,17250000,18050000
1025,chr8,18050000,18850000
1026,chr8,18850000,19350000
1027,chr8,19350000,20350000
1028,chr8,20350000,22150000
1029,chr8,22150000,24350000
1030,chr8,24350000,25050000
1031,chr8,25050000,25550000
1032,chr8,25550000,26650000
1033,chr8,26650000,27250000
1034,chr8,27250000,28550000
1035,chr8,28550000,30050000
1036,chr8,30050000,30650000
1037,chr8,30650000,32150000
1038,chr8,32150000,33550000
1039,chr8,33550000,35050000
1040,chr8,35050000,36750000
1041,chr8,36750000,37850000
1042,chr8,37850000,38850000
1043,chr8,38850000,39950000
1044,chr8,39950000,40950000
1045,chr8,40950000,41550000
1046,chr8,41550000,43150000
1047,chr8,43150000,47050000
1048,chr8,47050000,47850000
1049,chr8,47850000,48950000
1050,chr8,48950000,52050000
1051,chr8,52050000,52450000
1052,chr8,52450000,54250000
1053,chr8,54250000,56150000
1054,chr8,56150000,57350000
1055,chr8,57350000,58650000
1056,chr8,58650000,60450000
1057,chr8,60450000,61150000
1058,chr8,61150000,61650000
1059,chr8,61650000,63250000
1060,chr8,63250000,64450000
1061,chr8,64450000,65850000
1062,chr8,65850000,66450000
1063,chr8,66450000,67550000
1064,chr8,67550000,68550000
1065,chr8,68550000,70050000
1066,chr8,70050000,70650000
1067,chr8,70650000,72250000
1068,chr8,72250000,73050000
1069,chr8,73050000,74950000
1070,chr8,74950000,76350000
1071,chr8,76350000,78350000
1072,chr8,78350000,79650000
1073,chr8,79650000,81750000
1074,chr8,81750000,84550000
1075,chr8,84550000,86450000
1076,chr8,86450000,88250000
1077,chr8,88250000,89650000
1078,chr8,89650000,90550000
1079,chr8,90550000,92050000
1080,chr8,92050000,92850000
1081,chr8,92850000,93550000
1082,chr8,93550000,94450000
1083,chr8,94450000,95350000
1084,chr8,95350000,96250000
1085,chr8,96250000,97550000
1086,chr8,97550000,98150000
1087,chr8,98150000,99950000
1088,chr8,99950000,100550000
1089,chr8,100550000,101450000
1090,chr8,101450000,102150000
1091,chr8,102150000,102950000
1092,chr8,102950000,103650000
1093,chr8,103650000,104550000
1094,chr8,104550000,105850000
1095,chr8,105850000,106750000
1096,chr8,106750000,107850000
1097,chr8,107850000,108850000
1098,chr8,108850000,109350000
1099,chr8,109350000,110950000
1100,chr8,110950000,111950000
1101,chr8,111950000,112750000
1102,chr8,112750000,113450000
1103,chr8,113450000,114950000
1104,chr8,114950000,116550000
1105,chr8,116550000,118250000
1106,chr8,118250000,119650000
1107,chr8,119650000,122550000
1108,chr8,122550000,123350000
1109,chr8,123350000,123850000
1110,chr8,123850000,124450000
1111,chr8,124450000,125050000
1112,chr8,125050000,126850000
1113,chr8,126850000,127750000
1114,chr8,127750000,129850000
1115,chr8,129850000,130750000
1116,chr8,130750000,131950000
1117,chr8,131950000,132750000
1118,chr8,132750000,133550000
1119,chr8,133550000,134950000
1120,chr8,134950000,137950000
1121,chr8,137950000,138750000
1122,chr8,138750000,139550000
1123,chr8,139550000,140550000
1124,chr8,140550000,141450000
1125,chr8,141450000,142650000
1126,chr8,142650000,143150000
1127,chr9,950000,1950000
1128,chr9,1950000,2850000
1129,chr9,2850000,4650000
1130,chr9,4650000,6650000
1131,chr9,6650000,8950000
1132,chr9,8950000,9950000
1133,chr9,9950000,11650000
1134,chr9,11650000,12650000
1135,chr9,12650000,14250000
1136,chr9,14250000,15750000
1137,chr9,15750000,16950000
1138,chr9,16950000,17550000
1139,chr9,17550000,18250000
1140,chr9,18250000,19050000
1141,chr9,19050000,20250000
1142,chr9,20250000,29550000
1143,chr9,29550000,30950000
1144,chr9,30950000,32450000
1145,chr9,32450000,33050000
1146,chr9,33050000,34650000
1147,chr9,34650000,35550000
1148,chr9,35550000,37450000
1149,chr9,37450000,38450000
1150,chr9,38450000,69150000
1151,chr9,69150000,71350000
1152,chr9,71350000,73150000
1153,chr9,73150000,74650000
1154,chr9,74650000,75850000
1155,chr9,75850000,77250000
1156,chr9,77250000,78350000
1157,chr9,78350000,79650000
1158,chr9,79650000,83050000
1159,chr9,83050000,83850000
1160,chr9,83850000,84450000
1161,chr9,84450000,85850000
1162,chr9,85850000,87750000
1163,chr9,87750000,89450000
1164,chr9,89450000,90150000
1165,chr9,90150000,90950000
1166,chr9,90950000,92150000
1167,chr9,92150000,92850000
1168,chr9,92850000,93650000
1169,chr9,93650000,95150000
1170,chr9,95150000,96250000
1171,chr9,96250000,96850000
1172,chr9,96850000,97550000
1173,chr9,97550000,98850000
1174,chr9,98850000,100550000
1175,chr9,100550000,101450000
1176,chr9,101450000,103250000
1177,chr9,103250000,104750000
1178,chr9,104750000,105650000
1179,chr9,105650000,107550000
1180,chr9,107550000,108850000
1181,chr9,108850000,110750000
1182,chr9,110750000,111450000
1183,chr9,111450000,112850000
1184,chr9,112850000,115550000
1185,chr9,115550000,116650000
1186,chr9,116650000,117550000
1187,chr9,117550000,120450000
1188,chr9,120450000,121450000
1189,chr9,121450000,122250000
1190,chr9,122250000,122850000
1191,chr9,122850000,123450000
1192,chr9,123450000,124450000
1193,chr9,124450000,125350000
1194,chr9,125350000,126750000
1195,chr9,126750000,128150000
1196,chr9,128150000,129050000
1197,chr9,129050000,129750000
1198,chr9,129750000,131650000
1199,chr9,131650000,132350000
1200,chr9,132350000,132950000
1201,chr9,132950000,134150000
1202,chr9,134150000,134950000
1203,chr9,134950000,135550000
1204,chr9,135550000,137650000
1205,chr10,350000,950000
1206,chr10,950000,3150000
1207,chr10,3150000,4750000
1208,chr10,4750000,6450000
1209,chr10,6450000,7850000
1210,chr10,7850000,9350000
1211,chr10,9350000,11350000
1212,chr10,11350000,12050000
1213,chr10,12050000,13750000
1214,chr10,13750000,15250000
1215,chr10,15250000,15850000
1216,chr10,15850000,16850000
1217,chr10,16850000,17350000
1218,chr10,17350000,18650000
1219,chr10,18650000,19250000
1220,chr10,19250000,20850000
1221,chr10,20850000,21950000
1222,chr10,21950000,23050000
1223,chr10,23050000,24450000
1224,chr10,24450000,25750000
1225,chr10,25750000,27350000
1226,chr10,27350000,28550000
1227,chr10,28550000,29550000
1228,chr10,29550000,30650000
1229,chr10,30650000,33150000
1230,chr10,33150000,34550000
1231,chr10,34550000,35650000
1232,chr10,35650000,36850000
1233,chr10,36850000,42650000
1234,chr10,42650000,43650000
1235,chr10,43650000,44950000
1236,chr10,44950000,49550000
1237,chr10,49550000,50150000
1238,chr10,50150000,50750000
1239,chr10,50750000,52150000
1240,chr10,52150000,52850000
1241,chr10,52850000,55650000
1242,chr10,55650000,58350000
1243,chr10,58350000,60750000
1244,chr10,60750000,61750000
1245,chr10,61750000,63150000
1246,chr10,63150000,63950000
1247,chr10,63950000,66850000
1248,chr10,66850000,67750000
1249,chr10,67750000,68350000
1250,chr10,68350000,69050000
1251,chr10,69050000,70150000
1252,chr10,70150000,71250000
1253,chr10,71250000,72350000
1254,chr10,72350000,73050000
1255,chr10,73050000,74250000
1256,chr10,74250000,75250000
1257,chr10,75250000,77150000
1258,chr10,77150000,77850000
1259,chr10,77850000,79350000
1260,chr10,79350000,80350000
1261,chr10,80350000,81750000
1262,chr10,81750000,82850000
1263,chr10,82850000,84050000
1264,chr10,84050000,84650000
1265,chr10,84650000,86450000
1266,chr10,86450000,87850000
1267,chr10,87850000,89750000
1268,chr10,89750000,90850000
1269,chr10,90850000,91950000
1270,chr10,91950000,92650000
1271,chr10,92650000,94650000
1272,chr10,94650000,95750000
1273,chr10,95750000,97750000
1274,chr10,97750000,98350000
1275,chr10,98350000,99650000
1276,chr10,99650000,101050000
1277,chr10,101050000,102050000
1278,chr10,102050000,102750000
1279,chr10,102750000,104350000
1280,chr10,104350000,106650000
1281,chr10,106650000,107750000
1282,chr10,107750000,109050000
1283,chr10,109050000,109850000
1284,chr10,109850000,112450000
1285,chr10,112450000,113650000
1286,chr10,113650000,114250000
1287,chr10,114250000,115250000
1288,chr10,115250000,116450000
1289,chr10,116450000,117450000
1290,chr10,117450000,118350000
1291,chr10,118350000,119150000
1292,chr10,119150000,120850000
1293,chr10,120850000,121850000
1294,chr10,121850000,122950000
1295,chr10,122950000,123550000
1296,chr10,123550000,125950000
1297,chr10,125950000,126750000
1298,chr10,126750000,128150000
1299,chr10,128150000,130150000
1300,chr10,130150000,131850000
1301,chr10,131850000,133250000
1302,chr11,850000,1550000
1303,chr11,1550000,2950000
1304,chr11,2950000,4150000
1305,chr11,4150000,6750000
1306,chr11,6750000,7950000
1307,chr11,7950000,8750000
1308,chr11,8750000,10850000
1309,chr11,10850000,11750000
1310,chr11,11750000,13450000
1311,chr11,13450000,14450000
1312,chr11,14450000,16750000
1313,chr11,16750000,18950000
1314,chr11,18950000,19950000
1315,chr11,19950000,22250000
1316,chr11,22250000,22850000
1317,chr11,22850000,24450000
1318,chr11,24450000,26150000
1319,chr11,26150000,27550000
1320,chr11,27550000,29350000
1321,chr11,29350000,30250000
1322,chr11,30250000,30950000
1323,chr11,30950000,32250000
1324,chr11,32250000,33050000
1325,chr11,33050000,33750000
1326,chr11,33750000,34450000
1327,chr11,34450000,35450000
1328,chr11,35450000,36450000
1329,chr11,36450000,40150000
1330,chr11,40150000,41350000
1331,chr11,41350000,42650000
1332,chr11,42650000,43350000
1333,chr11,43350000,44050000
1334,chr11,44050000,45750000
1335,chr11,45750000,46750000
1336,chr11,46750000,48050000
1337,chr11,48050000,55150000
1338,chr11,55150000,57250000
1339,chr11,57250000,57750000
1340,chr11,57750000,60750000
1341,chr11,60750000,61350000
1342,chr11,61350000,62850000
1343,chr11,62850000,63650000
1344,chr11,63650000,64250000
1345,chr11,64250000,64850000
1346,chr11,64850000,66350000
1347,chr11,66350000,68550000
1348,chr11,68550000,69750000
1349,chr11,69750000,70350000
1350,chr11,70350000,71450000
1351,chr11,71450000,72050000
1352,chr11,72050000,72750000
1353,chr11,72750000,73250000
1354,chr11,73250000,74750000
1355,chr11,74750000,75850000
1356,chr11,75850000,76650000
1357,chr11,76650000,78150000
1358,chr11,78150000,78650000
1359,chr11,78650000,81150000
1360,chr11,81150000,82750000
1361,chr11,82750000,83850000
1362,chr11,83850000,84450000
1363,chr11,84450000,85550000
1364,chr11,85550000,86350000
1365,chr11,86350000,86850000
1366,chr11,86850000,87350000
1367,chr11,87350000,88550000
1368,chr11,88550000,92150000
1369,chr11,92150000,93750000
1370,chr11,93750000,94550000
1371,chr11,94550000,95050000
1372,chr11,95050000,95750000
1373,chr11,95750000,96350000
1374,chr11,96350000,99050000
1375,chr11,99050000,99850000
1376,chr11,99850000,101050000
1377,chr11,101050000,102150000
1378,chr11,102150000,103150000
1379,chr11,103150000,106050000
1380,chr11,106050000,108150000
1381,chr11,108150000,109950000
1382,chr11,109950000,111450000
1383,chr11,111450000,112150000
1384,chr11,112150000,113250000
1385,chr11,113250000,113750000
1386,chr11,113750000,114750000
1387,chr11,114750000,115250000
1388,chr11,115250000,116750000
1389,chr11,116750000,117350000
1390,chr11,117350000,118550000
1391,chr11,118550000,119050000
1392,chr11,119050000,119550000
1393,chr11,119550000,120250000
1394,chr11,120250000,121650000
1395,chr11,121650000,123050000
1396,chr11,123050000,123650000
1397,chr11,123650000,125850000
1398,chr11,125850000,126350000
1399,chr11,126350000,127050000
1400,chr11,127050000,128950000
1401,chr11,128950000,129850000
1402,chr11,129850000,130350000
1403,chr11,130350000,130950000
1404,chr11,130950000,131650000
1405,chr11,131650000,133150000
1406,chr11,133150000,133950000
1407,chr12,350000,1050000
1408,chr12,1050000,1650000
1409,chr12,1650000,2750000
1410,chr12,2750000,4350000
1411,chr12,4350000,4950000
1412,chr12,4950000,5850000
1413,chr12,5850000,7150000
1414,chr12,7150000,8450000
1415,chr12,8450000,9350000
1416,chr12,9350000,11550000
1417,chr12,11550000,12150000
1418,chr12,12150000,12850000
1419,chr12,12850000,14750000
1420,chr12,14750000,15950000
1421,chr12,15950000,18150000
1422,chr12,18150000,19550000
1423,chr12,19550000,20550000
1424,chr12,20550000,22650000
1425,chr12,22650000,24050000
1426,chr12,24050000,24750000
1427,chr12,24750000,26050000
1428,chr12,26050000,26750000
1429,chr12,26750000,27750000
1430,chr12,27750000,29450000
1431,chr12,29450000,30850000
1432,chr12,30850000,32850000
1433,chr12,32850000,34450000
1434,chr12,34450000,38050000
1435,chr12,38050000,39250000
1436,chr12,39250000,40250000
1437,chr12,40250000,41050000
1438,chr12,41050000,42450000
1439,chr12,42450000,43350000
1440,chr12,43350000,43850000
1441,chr12,43850000,45050000
1442,chr12,45050000,46050000
1443,chr12,46050000,47750000
1444,chr12,47750000,48750000
1445,chr12,48750000,51450000
1446,chr12,51450000,52050000
1447,chr12,52050000,53050000
1448,chr12,53050000,53650000
1449,chr12,53650000,54450000
1450,chr12,54450000,55150000
1451,chr12,55150000,55650000
1452,chr12,55650000,56650000
1453,chr12,56650000,57850000
1454,chr12,57850000,60550000
1455,chr12,60550000,62350000
1456,chr12,62350000,62950000
1457,chr12,62950000,63650000
1458,chr12,63650000,64850000
1459,chr12,64850000,66150000
1460,chr12,66150000,67350000
1461,chr12,67350000,69250000
1462,chr12,69250000,69750000
1463,chr12,69750000,70650000
1464,chr12,70650000,71850000
1465,chr12,71850000,74550000
1466,chr12,74550000,75450000
1467,chr12,75450000,76550000
1468,chr12,76550000,78050000
1469,chr12,78050000,79350000
1470,chr12,79350000,80250000
1471,chr12,80250000,81550000
1472,chr12,81550000,82450000
1473,chr12,82450000,84950000
1474,chr12,84950000,85950000
1475,chr12,85950000,88050000
1476,chr12,88050000,88950000
1477,chr12,88950000,89550000
1478,chr12,89550000,90950000
1479,chr12,90950000,92650000
1480,chr12,92650000,93450000
1481,chr12,93450000,94050000
1482,chr12,94050000,95450000
1483,chr12,95450000,96550000
1484,chr12,96550000,98450000
1485,chr12,98450000,99750000
1486,chr12,99750000,101950000
1487,chr12,101950000,102850000
1488,chr12,102850000,103650000
1489,chr12,103650000,105050000
1490,chr12,105050000,106250000
1491,chr12,106250000,107050000
1492,chr12,107050000,107650000
1493,chr12,107650000,108550000
1494,chr12,108550000,109350000
1495,chr12,109350000,109950000
1496,chr12,109950000,111450000
1497,chr12,111450000,112450000
1498,chr12,112450000,113150000
1499,chr12,113150000,114050000
1500,chr12,114050000,114650000
1501,chr12,114650000,115850000
1502,chr12,115850000,117250000
1503,chr12,117250000,118050000
1504,chr12,118050000,119550000
1505,chr12,119550000,121250000
1506,chr12,121250000,123750000
1507,chr12,123750000,125050000
1508,chr12,125050000,126850000
1509,chr12,126850000,128350000
1510,chr12,128350000,129950000
1511,chr12,129950000,132050000
1512,chr12,132050000,132750000
1513,chr13,19650000,20050000
1514,chr13,20050000,21050000
1515,chr13,21050000,21550000
1516,chr13,21550000,23350000
1517,chr13,23350000,23850000
1518,chr13,23850000,24450000
1519,chr13,24450000,25450000
1520,chr13,25450000,26150000
1521,chr13,26150000,27450000
1522,chr13,27450000,28750000
1523,chr13,28750000,29350000
1524,chr13,29350000,30150000
1525,chr13,30150000,31150000
1526,chr13,31150000,31850000
1527,chr13,31850000,33650000
1528,chr13,33650000,35150000
1529,chr13,35150000,35850000
1530,chr13,35850000,36950000
1531,chr13,36950000,38950000
1532,chr13,38950000,39750000
1533,chr13,39750000,40850000
1534,chr13,40850000,42350000
1535,chr13,42350000,43850000
1536,chr13,43850000,44550000
1537,chr13,44550000,45450000
1538,chr13,45450000,46850000
1539,chr13,46850000,48050000
1540,chr13,48050000,49150000
1541,chr13,49150000,51050000
1542,chr13,51050000,52650000
1543,chr13,52650000,53150000
1544,chr13,53150000,54650000
1545,chr13,54650000,57650000
1546,chr13,57650000,60350000
1547,chr13,60350000,62050000
1548,chr13,62050000,63950000
1549,chr13,63950000,65650000
1550,chr13,65650000,67250000
1551,chr13,67250000,68350000
1552,chr13,68350000,69450000
1553,chr13,69450000,70550000
1554,chr13,70550000,72150000
1555,chr13,72150000,72750000
1556,chr13,72750000,73750000
1557,chr13,73750000,75350000
1558,chr13,75350000,76950000
1559,chr13,76950000,77650000
1560,chr13,77650000,79450000
1561,chr13,79450000,81050000
1562,chr13,81050000,81850000
1563,chr13,81850000,84850000
1564,chr13,84850000,85850000
1565,chr13,85850000,90150000
1566,chr13,90150000,91250000
1567,chr13,91250000,94550000
1568,chr13,94550000,95950000
1569,chr13,95950000,96950000
1570,chr13,96950000,97850000
1571,chr13,97850000,99550000
1572,chr13,99550000,100550000
1573,chr13,100550000,101150000
1574,chr13,101150000,101850000
1575,chr13,101850000,102950000
1576,chr13,102950000,107250000
1577,chr13,107250000,108250000
1578,chr13,108250000,108950000
1579,chr13,108950000,110150000
1580,chr13,110150000,111350000
1581,chr13,111350000,112450000
1582,chr14,20150000,21050000
1583,chr14,21050000,21650000
1584,chr14,21650000,22950000
1585,chr14,22950000,23550000
1586,chr14,23550000,24450000
1587,chr14,24450000,25250000
1588,chr14,25250000,27050000
1589,chr14,27050000,28750000
1590,chr14,28750000,30650000
1591,chr14,30650000,32550000
1592,chr14,32550000,34450000
1593,chr14,34450000,35850000
1594,chr14,35850000,36550000
1595,chr14,36550000,37150000
1596,chr14,37150000,37850000
1597,chr14,37850000,39050000
1598,chr14,39050000,41650000
1599,chr14,41650000,45350000
1600,chr14,45350000,47450000
1601,chr14,47450000,49550000
1602,chr14,49550000,50750000
1603,chr14,50750000,51950000
1604,chr14,51950000,53150000
1605,chr14,53150000,55050000
1606,chr14,55050000,56450000
1607,chr14,56450000,57350000
1608,chr14,57350000,58350000
1609,chr14,58350000,59550000
1610,chr14,59550000,60650000
1611,chr14,60650000,61350000
1612,chr14,61350000,61950000
1613,chr14,61950000,63350000
1614,chr14,63350000,65050000
1615,chr14,65050000,66250000
1616,chr14,66250000,67750000
1617,chr14,67750000,68850000
1618,chr14,68850000,69650000
1619,chr14,69650000,71050000
1620,chr14,71050000,71750000
1621,chr14,71750000,72950000
1622,chr14,72950000,74750000
1623,chr14,74750000,75650000
1624,chr14,75650000,76750000
1625,chr14,76750000,77650000
1626,chr14,77650000,78850000
1627,chr14,78850000,81650000
1628,chr14,81650000,83150000
1629,chr14,83150000,85650000
1630,chr14,85650000,87050000
1631,chr14,87050000,87850000
1632,chr14,87850000,88650000
1633,chr14,88650000,89950000
1634,chr14,89950000,90750000
1635,chr14,90750000,91550000
1636,chr14,91550000,92750000
1637,chr14,92750000,94650000
1638,chr14,94650000,95450000
1639,chr14,95450000,96650000
1640,chr14,96650000,98050000
1641,chr14,98050000,99250000
1642,chr14,99250000,100250000
1643,chr14,100250000,100950000
1644,chr14,100950000,101650000
1645,chr14,101650000,102450000
1646,chr14,102450000,103450000
1647,chr15,25250000,26950000
1648,chr15,26950000,28050000
1649,chr15,28050000,31550000
1650,chr15,31550000,33150000
1651,chr15,33150000,33850000
1652,chr15,33850000,35050000
1653,chr15,35050000,37150000
1654,chr15,37150000,37950000
1655,chr15,37950000,38550000
1656,chr15,38550000,39650000
1657,chr15,39650000,41350000
1658,chr15,41350000,42550000
1659,chr15,42550000,43750000
1660,chr15,43750000,44650000
1661,chr15,44650000,45750000
1662,chr15,45750000,47250000
1663,chr15,47250000,48250000
1664,chr15,48250000,50250000
1665,chr15,50250000,51550000
1666,chr15,51550000,52750000
1667,chr15,52750000,53850000
1668,chr15,53850000,55250000
1669,chr15,55250000,56450000
1670,chr15,56450000,58150000
1671,chr15,58150000,59650000
1672,chr15,59650000,60450000
1673,chr15,60450000,62250000
1674,chr15,62250000,63650000
1675,chr15,63650000,64150000
1676,chr15,64150000,65450000
1677,chr15,65450000,66450000
1678,chr15,66450000,67450000
1679,chr15,67450000,68350000
1680,chr15,68350000,69450000
1681,chr15,69450000,72250000
1682,chr15,72250000,72650000
1683,chr15,72650000,73250000
1684,chr15,73250000,73950000
1685,chr15,73950000,74450000
1686,chr15,74450000,75750000
1687,chr15,75750000,76950000
1688,chr15,76950000,77550000
1689,chr15,77550000,78850000
1690,chr15,78850000,80350000
1691,chr15,80350000,81050000
1692,chr15,81050000,82450000
1693,chr15,82450000,83950000
1694,chr15,83950000,85250000
1695,chr15,85250000,85850000
1696,chr15,85850000,86650000
1697,chr15,86650000,88250000
1698,chr15,88250000,89250000
1699,chr15,89250000,91250000
1700,chr15,91250000,92150000
1701,chr15,92150000,92950000
1702,chr15,92950000,94250000
1703,chr15,94250000,96350000
1704,chr15,96350000,98450000
1705,chr15,98450000,99150000
1706,chr15,99150000,99850000
1707,chr15,99850000,100450000
1708,chr16,650000,1850000
1709,chr16,1850000,2650000
1710,chr16,2650000,4350000
1711,chr16,4350000,5050000
1712,chr16,5050000,6550000
1713,chr16,6550000,8550000
1714,chr16,8550000,10250000
1715,chr16,10250000,10950000
1716,chr16,10950000,12150000
1717,chr16,12150000,13850000
1718,chr16,13850000,17650000
1719,chr16,17650000,19550000
1720,chr16,19550000,20650000
1721,chr16,20650000,21350000
1722,chr16,21350000,23550000
1723,chr16,23550000,24450000
1724,chr16,24450000,25250000
1725,chr16,25250000,25750000
1726,chr16,25750000,27550000
1727,chr16,27550000,30250000
1728,chr16,30250000,30950000
1729,chr16,30950000,46550000
1730,chr16,46550000,47050000
1731,chr16,47050000,48250000
1732,chr16,48250000,49350000
1733,chr16,49350000,50750000
1734,chr16,50750000,52050000
1735,chr16,52050000,53550000
1736,chr16,53550000,55350000
1737,chr16,55350000,55950000
1738,chr16,55950000,56450000
1739,chr16,56450000,58750000
1740,chr16,58750000,60750000
1741,chr16,60750000,62150000
1742,chr16,62150000,63350000
1743,chr16,63350000,65050000
1744,chr16,65050000,66350000
1745,chr16,66350000,67550000
1746,chr16,67550000,68350000
1747,chr16,68350000,69250000
1748,chr16,69250000,70150000
1749,chr16,70150000,72050000
1750,chr16,72050000,74350000
1751,chr16,74350000,75750000
1752,chr16,75750000,77150000
1753,chr16,77150000,78150000
1754,chr16,78150000,79750000
1755,chr16,79750000,80950000
1756,chr16,80950000,81850000
1757,chr16,81850000,83950000
1758,chr16,83950000,85050000
1759,chr16,85050000,85750000
1760,chr16,85750000,86550000
1761,chr16,86550000,87250000
1762,chr16,87250000,87950000
1763,chr16,87950000,88650000
1764,chr16,88650000,89650000
1765,chr17,1150000,2350000
1766,chr17,2350000,3650000
1767,chr17,3650000,5550000
1768,chr17,5550000,6450000
1769,chr17,6450000,8850000
1770,chr17,8850000,9750000
1771,chr17,9750000,10750000
1772,chr17,10750000,12150000
1773,chr17,12150000,13050000
1774,chr17,13050000,13750000
1775,chr17,13750000,14250000
1776,chr17,14250000,15150000
1777,chr17,15150000,17250000
1778,chr17,17250000,18150000
1779,chr17,18150000,20950000
1780,chr17,20950000,27250000
1781,chr17,27250000,27750000
1782,chr17,27750000,28550000
1783,chr17,28550000,29650000
1784,chr17,29650000,30850000
1785,chr17,30850000,31950000
1786,chr17,31950000,33650000
1787,chr17,33650000,34350000
1788,chr17,34350000,35750000
1789,chr17,35750000,37450000
1790,chr17,37450000,38750000
1791,chr17,38750000,39850000
1792,chr17,39850000,40750000
1793,chr17,40750000,41750000
1794,chr17,41750000,43250000
1795,chr17,43250000,43950000
1796,chr17,43950000,45950000
1797,chr17,45950000,47650000
1798,chr17,47650000,51250000
1799,chr17,51250000,54950000
1800,chr17,54950000,55750000
1801,chr17,55750000,57050000
1802,chr17,57050000,58550000
1803,chr17,58550000,59150000
1804,chr17,59150000,60050000
1805,chr17,60050000,60650000
1806,chr17,60650000,63850000
1807,chr17,63850000,65250000
1808,chr17,65250000,66150000
1809,chr17,66150000,67250000
1810,chr17,67250000,67850000
1811,chr17,67850000,68650000
1812,chr17,68650000,69450000
1813,chr17,69450000,70750000
1814,chr17,70750000,72650000
1815,chr17,72650000,73250000
1816,chr17,73250000,74150000
1817,chr17,74150000,76750000
1818,chr17,76750000,77450000
1819,chr17,77450000,78950000
1820,chr17,78950000,79750000
1821,chr17,79750000,80950000
1822,chr17,80950000,81750000
1823,chr17,81750000,82550000
1824,chr18,750000,2650000
1825,chr18,2650000,4050000
1826,chr18,4050000,4950000
1827,chr18,4950000,5750000
1828,chr18,5750000,7150000
1829,chr18,7150000,7850000
1830,chr18,7850000,8550000
1831,chr18,8550000,9950000
1832,chr18,9950000,10650000
1833,chr18,10650000,12250000
1834,chr18,12250000,13050000
1835,chr18,13050000,13750000
1836,chr18,13750000,21950000
1837,chr18,21950000,22750000
1838,chr18,22750000,23450000
1839,chr18,23450000,24350000
1840,chr18,24350000,26150000
1841,chr18,26150000,28250000
1842,chr18,28250000,29850000
1843,chr18,29850000,30950000
1844,chr18,30950000,32050000
1845,chr18,32050000,33850000
1846,chr18,33850000,34950000
1847,chr18,34950000,36750000
1848,chr18,36750000,40250000
1849,chr18,40250000,42050000
1850,chr18,42050000,43650000
1851,chr18,43650000,45550000
1852,chr18,45550000,46050000
1853,chr18,46050000,47150000
1854,chr18,47150000,47750000
1855,chr18,47750000,48550000
1856,chr18,48550000,49350000
1857,chr18,49350000,50350000
1858,chr18,50350000,53450000
1859,chr18,53450000,54150000
1860,chr18,54150000,55150000
1861,chr18,55150000,56650000
1862,chr18,56650000,57550000
1863,chr18,57550000,58350000
1864,chr18,58350000,59150000
1865,chr18,59150000,59950000
1866,chr18,59950000,60650000
1867,chr18,60650000,61450000
1868,chr18,61450000,62250000
1869,chr18,62250000,63450000
1870,chr18,63450000,64050000
1871,chr18,64050000,65750000
1872,chr18,65750000,67250000
1873,chr18,67250000,68750000
1874,chr18,68750000,70050000
1875,chr18,70050000,72650000
1876,chr18,72650000,73950000
1877,chr18,73950000,74550000
1878,chr18,74550000,76250000
1879,chr18,76250000,76850000
1880,chr18,76850000,77750000
1881,chr18,77750000,78950000
1882,chr19,550000,1450000
1883,chr19,1450000,2750000
1884,chr19,2750000,4350000
1885,chr19,4350000,5650000
1886,chr19,5650000,6950000
1887,chr19,6950000,7850000
1888,chr19,7850000,9150000
1889,chr19,9150000,9950000
1890,chr19,9950000,10750000
1891,chr19,10750000,11650000
1892,chr19,11650000,13150000
1893,chr19,13150000,14550000
1894,chr19,14550000,15050000
1895,chr19,15050000,16150000
1896,chr19,16150000,17350000
1897,chr19,17350000,18450000
1898,chr19,18450000,19550000
1899,chr19,19550000,21050000
1900,chr19,21050000,21950000
1901,chr19,21950000,24150000
1902,chr19,24150000,27650000
1903,chr19,27650000,28850000
1904,chr19,28850000,29650000
1905,chr19,29650000,30650000
1906,chr19,30650000,32350000
1907,chr19,32350000,33150000
1908,chr19,33150000,34350000
1909,chr19,34350000,36150000
1910,chr19,36150000,37450000
1911,chr19,37450000,38250000
1912,chr19,38250000,39450000
1913,chr19,39450000,40750000
1914,chr19,40750000,41850000
1915,chr19,41850000,42550000
1916,chr19,42550000,43450000
1917,chr19,43450000,45850000
1918,chr19,45850000,47250000
1919,chr19,47250000,48550000
1920,chr19,48550000,49950000
1921,chr19,49950000,51850000
1922,chr19,51850000,53050000
1923,chr19,53050000,53650000
1924,chr19,53650000,54950000
1925,chr19,54950000,55750000
1926,chr19,55750000,56450000
1927,chr19,56450000,57150000
1928,chr20,2350000,4150000
1929,chr20,4150000,5250000
1930,chr20,5250000,6150000
1931,chr20,6150000,7950000
1932,chr20,7950000,8750000
1933,chr20,8750000,9450000
1934,chr20,9450000,10450000
1935,chr20,10450000,11650000
1936,chr20,11650000,14150000
1937,chr20,14150000,16750000
1938,chr20,16750000,17450000
1939,chr20,17450000,18350000
1940,chr20,18350000,19950000
1941,chr20,19950000,20750000
1942,chr20,20750000,21650000
1943,chr20,21650000,22250000
1944,chr20,22250000,23750000
1945,chr20,23750000,24950000
1946,chr20,24950000,29050000
1947,chr20,29050000,31550000
1948,chr20,31550000,32850000
1949,chr20,32850000,33350000
1950,chr20,33350000,34750000
1951,chr20,34750000,35350000
1952,chr20,35350000,37050000
1953,chr20,37050000,39050000
1954,chr20,39050000,41750000
1955,chr20,41750000,43450000
1956,chr20,43450000,44950000
1957,chr20,44950000,45850000
1958,chr20,45850000,46650000
1959,chr20,46650000,47650000
1960,chr20,47650000,49150000
1961,chr20,49150000,50050000
1962,chr20,50050000,50850000
1963,chr20,50850000,52250000
1964,chr20,52250000,54050000
1965,chr20,54050000,54650000
1966,chr20,54650000,56350000
1967,chr20,56350000,57450000
1968,chr20,57450000,58150000
1969,chr20,58150000,59950000
1970,chr20,59950000,61950000
1971,chr20,61950000,63950000
1972,chr21,10650000,14950000
1973,chr21,14950000,15750000
1974,chr21,15750000,17350000
1975,chr21,17350000,18350000
1976,chr21,18350000,19550000
1977,chr21,19550000,21050000
1978,chr21,21050000,23750000
1979,chr21,23750000,25550000
1980,chr21,25550000,26850000
1981,chr21,26850000,27650000
1982,chr21,27650000,28950000
1983,chr21,28950000,31150000
1984,chr21,31150000,31750000
1985,chr21,31750000,32350000
1986,chr21,32350000,33650000
1987,chr21,33650000,34450000
1988,chr21,34450000,36050000
1989,chr21,36050000,36950000
1990,chr21,36950000,37650000
1991,chr21,37650000,38350000
1992,chr21,38350000,39250000
1993,chr21,39250000,41650000
1994,chr21,41650000,44850000
1995,chr21,44850000,45950000
1996,chr22,16950000,17650000
1997,chr22,17650000,20150000
1998,chr22,20150000,22050000
1999,chr22,22050000,23250000
2000,chr22,23250000,23850000
2001,chr22,23850000,25350000
2002,chr22,25350000,25750000
2003,chr22,25750000,26550000
2004,chr22,26550000,27950000
2005,chr22,27950000,29250000
2006,chr22,29250000,30150000
2007,chr22,30150000,31250000
2008,chr22,31250000,32550000
2009,chr22,32550000,33350000
2010,chr22,33350000,34050000
2011,chr22,34050000,35250000
2012,chr22,35250000,36550000
2013,chr22,36550000,37550000
2014,chr22,37550000,38650000
2015,chr22,38650000,39550000
2016,chr22,39550000,40250000
2017,chr22,40250000,42050000
2018,chr22,42050000,42550000
2019,chr22,42550000,43250000
2020,chr22,43250000,43850000
2021,chr22,43850000,44650000
2022,chr22,44650000,45450000
2023,chr22,45450000,46750000
2024,chr22,46750000,47350000
2025,chr22,47350000,48550000
2026,chr22,48550000,49750000
2027,chrX,2750000,5250000
2028,chrX,5250000,5850000
2029,chrX,5850000,7950000
2030,chrX,7950000,8750000
2031,chrX,8750000,9650000
2032,chrX,9650000,10250000
2033,chrX,10250000,11150000
2034,chrX,11150000,11850000
2035,chrX,11850000,13650000
2036,chrX,13650000,14050000
2037,chrX,14050000,15250000
2038,chrX,15250000,15750000
2039,chrX,15750000,16750000
2040,chrX,16750000,17650000
2041,chrX,17650000,18450000
2042,chrX,18450000,18850000
2043,chrX,18850000,19550000
2044,chrX,19550000,20450000
2045,chrX,20450000,21850000
2046,chrX,21850000,23650000
2047,chrX,23650000,25450000
2048,chrX,25450000,26650000
2049,chrX,26650000,28650000
2050,chrX,28650000,30850000
2051,chrX,30850000,32450000
2052,chrX,32450000,33450000
2053,chrX,33450000,34250000
2054,chrX,34250000,35250000
2055,chrX,35250000,38550000
2056,chrX,38550000,40550000
2057,chrX,40550000,41750000
2058,chrX,41750000,43850000
2059,chrX,43850000,44750000
2060,chrX,44750000,45250000
2061,chrX,45250000,46350000
2062,chrX,46350000,48550000
2063,chrX,48550000,49950000
2064,chrX,49950000,50650000
2065,chrX,50650000,52350000
2066,chrX,52350000,54050000
2067,chrX,54050000,55050000
2068,chrX,55050000,63750000
2069,chrX,63750000,65450000
2070,chrX,65450000,66950000
2071,chrX,66950000,68150000
2072,chrX,68150000,68750000
2073,chrX,68750000,69350000
2074,chrX,69350000,70650000
2075,chrX,70650000,71750000
2076,chrX,71750000,72250000
2077,chrX,72250000,73750000
2078,chrX,73750000,74650000
2079,chrX,74650000,76250000
2080,chrX,76250000,77450000
2081,chrX,77450000,78050000
2082,chrX,78050000,79550000
2083,chrX,79550000,80750000
2084,chrX,80750000,81350000
2085,chrX,81350000,83850000
2086,chrX,83850000,84950000
2087,chrX,84950000,86150000
2088,chrX,86150000,88050000
2089,chrX,88050000,90950000
2090,chrX,90950000,94450000
2091,chrX,94450000,96550000
2092,chrX,96550000,97650000
2093,chrX,97650000,98450000
2094,chrX,98450000,100450000
2095,chrX,100450000,103350000
2096,chrX,103350000,104250000
2097,chrX,104250000,105350000
2098,chrX,105350000,106950000
2099,chrX,106950000,108050000
2100,chrX,108050000,109450000
2101,chrX,109450000,111750000
2102,chrX,111750000,112550000
2103,chrX,112550000,113850000
2104,chrX,113850000,115150000
2105,chrX,115150000,117050000
2106,chrX,117050000,119250000
2107,chrX,119250000,120750000
2108,chrX,120750000,123550000
2109,chrX,123550000,124150000
2110,chrX,124150000,125950000
2111,chrX,125950000,127550000
2112,chrX,127550000,129450000
2113,chrX,129450000,130250000
2114,chrX,130250000,130950000
2115,chrX,130950000,131750000
2116,chrX,131750000,132750000
2117,chrX,132750000,134450000
2118,chrX,134450000,134950000
2119,chrX,134950000,137150000
2120,chrX,137150000,138850000
2121,chrX,138850000,139950000
2122,chrX,139950000,140850000
2123,chrX,140850000,142250000
2124,chrX,142250000,144050000
2125,chrX,144050000,145150000
2126,chrX,145150000,146250000
2127,chrX,146250000,147950000
2128,chrX,147950000,149450000
2129,chrX,149450000,151650000
2130,chrX,151650000,152850000
2131,chrX,152850000,153550000
2132,chrX,153550000,154650000
