,chrom,start_1,end_1,start_2,end_2
0,chr1,3850000,5950000,3950000,5950000
166,chr1,5950000,6550000,5950000,6550000
332,chr1,6550000,7850000,6550000,7850000
666,chr1,10450000,11050000,10450000,11050000
832,chr1,11050000,11750000,11050000,11850000
998,chr1,11750000,14050000,11850000,14050000
1993,chr1,19050000,19750000,19150000,19750000
2159,chr1,19750000,20650000,19750000,20650000
3156,chr1,28650000,29250000,28750000,29250000
3322,chr1,29250000,30650000,29250000,30650000
3655,chr1,33650000,34750000,33650000,34650000
3988,chr1,36550000,37950000,36450000,37950000
4154,chr1,37950000,38950000,37950000,38950000
4320,chr1,38950000,39950000,38950000,40050000
4486,chr1,39950000,40550000,40050000,40550000
4986,chr1,44150000,44750000,44150000,44750000
6148,chr1,53250000,53850000,53250000,53850000
6314,chr1,53850000,55050000,53850000,55150000
6480,chr1,55050000,56850000,55150000,56750000
6646,chr1,56850000,58650000,56750000,58650000
6812,chr1,58650000,59850000,58650000,59850000
7309,chr1,62850000,63550000,62850000,63550000
7475,chr1,63550000,64250000,63550000,64250000
8640,chr1,75750000,77050000,75850000,77150000
8973,chr1,78650000,79350000,78750000,79350000
11296,chr1,98650000,99750000,98550000,99750000
11796,chr1,104650000,105850000,104650000,105950000
11962,chr1,105850000,107150000,105950000,107150000
12957,chr1,113850000,114850000,113750000,114850000
13123,chr1,114850000,116050000,114850000,116050000
13289,chr1,116050000,116550000,116050000,116550000
13455,chr1,116550000,118050000,116550000,117950000
14287,chr1,153350000,155150000,153350000,155150000
14787,chr1,160450000,161050000,160450000,161050000
14953,chr1,161050000,162450000,161050000,162450000
15119,chr1,162450000,163450000,162450000,163350000
15285,chr1,163450000,165050000,163350000,165050000
15948,chr1,168250000,169850000,168250000,169850000
16114,chr1,169850000,171550000,169850000,171550000
16777,chr1,175050000,176250000,175150000,176250000
17440,chr1,180550000,181350000,180550000,181250000
17606,chr1,181350000,182850000,181250000,182850000
17772,chr1,182850000,184050000,182850000,184050000
17938,chr1,184050000,184750000,184050000,184750000
18435,chr1,186350000,187050000,186350000,187050000
18768,chr1,192450000,193150000,192350000,193150000
19266,chr1,197450000,198750000,197450000,198650000
21254,chr1,211250000,213150000,211150000,213150000
21752,chr1,215650000,218250000,215650000,218250000
22581,chr1,222550000,223750000,222550000,223750000
22747,chr1,223750000,224450000,223750000,224450000
22913,chr1,224450000,225350000,224450000,225350000
23079,chr1,225350000,226450000,225350000,226450000
23577,chr1,229650000,230450000,229550000,230450000
23743,chr1,230450000,231750000,230450000,231750000
24076,chr1,233350000,234450000,233250000,234450000
24907,chr1,239950000,240750000,239950000,240750000
25073,chr1,240750000,241950000,240750000,241950000
26272,chr2,6950000,8750000,6950000,8750000
26449,chr2,8750000,10750000,8750000,10750000
26626,chr2,10750000,11750000,10750000,11750000
27512,chr2,17750000,18350000,17650000,18450000
27689,chr2,18350000,19850000,18450000,19950000
28222,chr2,25750000,27650000,25750000,27550000
28753,chr2,30150000,30750000,30050000,30750000
29815,chr2,39850000,41750000,39950000,41750000
29992,chr2,41750000,42750000,41750000,42750000
30878,chr2,48650000,50450000,48550000,50450000
31942,chr2,60650000,61850000,60650000,61850000
32297,chr2,63550000,65650000,63550000,65650000
37791,chr2,133850000,134950000,133950000,135050000
37968,chr2,134950000,135850000,135050000,135750000
38323,chr2,136850000,137850000,136950000,137850000
38500,chr2,137850000,138850000,137850000,138750000
38677,chr2,138850000,140050000,138750000,139950000
39386,chr2,146750000,147850000,146750000,147950000
39563,chr2,147850000,149050000,147950000,148950000
39740,chr2,149050000,149550000,148950000,149650000
40806,chr2,158850000,159950000,158850000,159850000
41338,chr2,163150000,164550000,163250000,164550000
41515,chr2,164550000,165950000,164550000,165850000
41692,chr2,165950000,166550000,165850000,166550000
42577,chr2,170850000,171550000,170950000,171450000
42754,chr2,171550000,172650000,171450000,172650000
43109,chr2,174450000,175150000,174450000,175150000
43642,chr2,177850000,178550000,177850000,178550000
43819,chr2,178550000,179950000,178550000,180050000
43996,chr2,179950000,181050000,180050000,181050000
45942,chr2,196850000,197650000,196750000,197650000
46119,chr2,197650000,198350000,197650000,198350000
46296,chr2,198350000,199850000,198350000,199950000
47002,chr2,202350000,203950000,202250000,203950000
48242,chr2,212550000,213350000,212550000,213250000
48419,chr2,213350000,215250000,213250000,215350000
48596,chr2,215250000,216050000,215350000,216050000
48773,chr2,216050000,216550000,216050000,216550000
48950,chr2,216550000,218250000,216550000,218150000
49127,chr2,218250000,219750000,218150000,219750000
49658,chr2,222550000,223850000,222550000,223850000
51428,chr2,235150000,235750000,235050000,235750000
51605,chr2,235750000,236250000,235750000,236250000
51782,chr2,236250000,237050000,236250000,237050000
52137,chr2,238350000,238950000,238350000,238950000
52314,chr2,238950000,240050000,238950000,240050000
52469,chr3,3150000,4250000,3150000,4250000
52621,chr3,4250000,5250000,4250000,5150000
53078,chr3,10250000,11250000,10350000,11250000
54142,chr3,17950000,18450000,17850000,18350000
54447,chr3,20350000,22150000,20250000,22050000
54903,chr3,23850000,24750000,23950000,24750000
55055,chr3,24750000,25750000,24750000,25650000
55207,chr3,25750000,27150000,25650000,27250000
55359,chr3,27150000,27750000,27250000,27750000
55511,chr3,27750000,28450000,27750000,28350000
56119,chr3,33850000,36050000,33850000,36050000
56575,chr3,37950000,39550000,37950000,39450000
56727,chr3,39550000,40250000,39450000,40350000
58094,chr3,53250000,53950000,53250000,53850000
58703,chr3,58650000,61450000,58750000,61450000
59160,chr3,63850000,64550000,63950000,64450000
59312,chr3,64550000,65350000,64450000,65350000
59464,chr3,65350000,66250000,65350000,66250000
59616,chr3,66250000,66950000,66250000,66850000
59768,chr3,66950000,67850000,66850000,67850000
59920,chr3,67850000,68950000,67850000,69050000
60072,chr3,68950000,69950000,69050000,70050000
60377,chr3,71750000,72950000,71750000,72950000
60529,chr3,72950000,73950000,72950000,73950000
60681,chr3,73950000,75150000,73950000,75150000
61287,chr3,77250000,78550000,77350000,78650000
61439,chr3,78550000,79450000,78650000,79550000
61591,chr3,79450000,81350000,79550000,81250000
61743,chr3,81350000,83550000,81250000,83550000
61895,chr3,83550000,85750000,83550000,85650000
62350,chr3,87250000,88150000,87250000,88250000
63111,chr3,98450000,99750000,98550000,99750000
64022,chr3,105450000,107150000,105550000,107150000
64174,chr3,107150000,107750000,107150000,107750000
64326,chr3,107750000,108550000,107750000,108550000
64478,chr3,108550000,111550000,108550000,111550000
64934,chr3,115150000,115850000,115150000,115850000
66148,chr3,124650000,125750000,124550000,125750000
66603,chr3,127550000,128150000,127550000,128050000
66755,chr3,128150000,129450000,128050000,129350000
66907,chr3,129450000,130150000,129350000,130050000
67059,chr3,130150000,130850000,130050000,130950000
67515,chr3,133450000,134550000,133550000,134550000
67667,chr3,134550000,135950000,134550000,135950000
67819,chr3,135950000,137150000,135950000,137150000
67971,chr3,137150000,137950000,137150000,138050000
68123,chr3,137950000,139450000,138050000,139450000
68275,chr3,139450000,140850000,139450000,140850000
68427,chr3,140850000,142450000,140850000,142450000
69489,chr3,149850000,151250000,149850000,151250000
69641,chr3,151250000,151950000,151250000,151950000
69793,chr3,151950000,152550000,151950000,152550000
70250,chr3,155950000,156550000,156050000,156550000
70402,chr3,156550000,157550000,156550000,157550000
70554,chr3,157550000,158650000,157550000,158650000
70860,chr3,160550000,161450000,160550000,161550000
71469,chr3,168950000,169750000,168950000,169750000
71621,chr3,169750000,170950000,169750000,170950000
71773,chr3,170950000,171650000,170950000,171550000
71925,chr3,171650000,172850000,171550000,172750000
72230,chr3,176850000,178350000,176950000,178450000
72382,chr3,178350000,179750000,178450000,179650000
72534,chr3,179750000,180650000,179650000,180650000
73296,chr3,187250000,187750000,187250000,187750000
73448,chr3,187750000,189150000,187750000,189150000
73904,chr3,192450000,193650000,192550000,193650000
74056,chr3,193650000,194550000,193650000,194550000
74806,chr4,12650000,13550000,12650000,13650000
75093,chr4,16350000,17450000,16350000,17550000
75236,chr4,17450000,18650000,17550000,18650000
75379,chr4,18650000,20750000,18650000,20750000
75951,chr4,24450000,25350000,24550000,25350000
76379,chr4,27150000,27650000,27050000,27650000
76953,chr4,36350000,37450000,36250000,37450000
77096,chr4,37450000,38750000,37450000,38750000
78382,chr4,48950000,53050000,49050000,52950000
78525,chr4,53050000,54350000,52950000,54350000
78812,chr4,56350000,57050000,56450000,57050000
80243,chr4,73050000,74250000,73150000,74250000
80386,chr4,74250000,74750000,74250000,74850000
80529,chr4,74750000,75550000,74850000,75450000
81100,chr4,78950000,80350000,78850000,80250000
81243,chr4,80350000,81450000,80250000,81450000
81386,chr4,81450000,82350000,81450000,82350000
81529,chr4,82350000,83550000,82350000,83550000
82102,chr4,89150000,90350000,89150000,90350000
82390,chr4,94250000,95150000,94350000,95150000
82965,chr4,102350000,103150000,102350000,103150000
83108,chr4,103150000,103950000,103150000,104050000
83679,chr4,107850000,108650000,107950000,108650000
83822,chr4,108650000,109350000,108650000,109350000
83965,chr4,109350000,109950000,109350000,109950000
84395,chr4,112050000,113150000,112150000,113250000
85112,chr4,120150000,121150000,120050000,121250000
85255,chr4,121150000,121850000,121250000,121850000
85398,chr4,121850000,123050000,121850000,123050000
85541,chr4,123050000,124250000,123050000,124250000
85684,chr4,124250000,125250000,124250000,125250000
85827,chr4,125250000,127650000,125250000,127650000
85970,chr4,127650000,129250000,127650000,129150000
86399,chr4,134850000,137050000,134950000,136950000
86971,chr4,141250000,142150000,141250000,142150000
87114,chr4,142150000,143650000,142150000,143550000
87542,chr4,145150000,146250000,145150000,146250000
87685,chr4,146250000,146950000,146250000,147050000
88114,chr4,149950000,151050000,149950000,150950000
88257,chr4,151050000,151750000,150950000,151750000
88400,chr4,151750000,152750000,151750000,152850000
88543,chr4,152750000,153750000,152850000,153650000
88686,chr4,153750000,154750000,153650000,154750000
89114,chr4,156050000,157150000,155950000,157050000
89542,chr4,158650000,159550000,158650000,159450000
89829,chr4,162450000,163550000,162350000,163450000
90257,chr4,165550000,166150000,165450000,166150000
90827,chr4,168950000,169650000,168950000,169550000
90970,chr4,169650000,170150000,169550000,170050000
91113,chr4,170150000,172250000,170050000,172150000
91256,chr4,172250000,172850000,172150000,172850000
91399,chr4,172850000,173450000,172850000,173450000
91542,chr4,173450000,174250000,173450000,174350000
92113,chr4,177650000,181550000,177650000,181650000
92541,chr4,183350000,185150000,183350000,185150000
92684,chr4,185150000,186150000,185150000,186150000
92967,chr5,5550000,6850000,5450000,6750000
93100,chr5,6850000,7850000,6750000,7850000
93767,chr5,17250000,18450000,17250000,18350000
93900,chr5,18450000,21850000,18350000,21750000
94301,chr5,28850000,31450000,28750000,31350000
94834,chr5,35050000,36050000,34950000,35950000
94967,chr5,36050000,37350000,35950000,37350000
95100,chr5,37350000,38250000,37350000,38350000
95233,chr5,38250000,38950000,38350000,38950000
95366,chr5,38950000,40750000,38950000,40850000
95499,chr5,40750000,41850000,40850000,41950000
95897,chr5,43650000,44850000,43550000,44850000
96430,chr5,54350000,55250000,54250000,55150000
97095,chr5,59750000,60750000,59750000,60850000
97228,chr5,60750000,62250000,60850000,62250000
97626,chr5,64050000,64750000,64150000,64750000
97759,chr5,64750000,65550000,64750000,65650000
97892,chr5,65550000,66250000,65650000,66250000
98025,chr5,66250000,67250000,66250000,67150000
98158,chr5,67250000,68350000,67150000,68350000
98291,chr5,68350000,68950000,68350000,68950000
98424,chr5,68950000,72250000,68950000,72250000
98557,chr5,72250000,72950000,72250000,72950000
98690,chr5,72950000,73750000,72950000,73650000
98823,chr5,73750000,74750000,73650000,74750000
98956,chr5,74750000,75750000,74750000,75750000
99355,chr5,78250000,80550000,78350000,80650000
99488,chr5,80550000,81350000,80650000,81350000
99621,chr5,81350000,82250000,81350000,82250000
99754,chr5,82250000,83650000,82250000,83550000
100153,chr5,87450000,88750000,87550000,88650000
100286,chr5,88750000,90750000,88650000,90750000
100419,chr5,90750000,91550000,90750000,91450000
100687,chr5,94850000,95450000,94850000,95550000
100954,chr5,97250000,98950000,97250000,98950000
101087,chr5,98950000,100350000,98950000,100350000
101220,chr5,100350000,102550000,100350000,102550000
102286,chr5,115150000,116150000,115150000,116150000
102419,chr5,116150000,118950000,116150000,118950000
102552,chr5,118950000,119450000,118950000,119450000
102685,chr5,119450000,121950000,119450000,122050000
102818,chr5,121950000,123550000,122050000,123650000
102951,chr5,123550000,126650000,123650000,126550000
103749,chr5,132150000,133050000,132250000,133050000
103882,chr5,133050000,134050000,133050000,134050000
104682,chr5,142850000,144250000,142850000,144150000
104815,chr5,144250000,146450000,144150000,146450000
104948,chr5,146450000,147750000,146450000,147850000
105081,chr5,147750000,149250000,147850000,149250000
105349,chr5,152450000,153950000,152550000,154050000
105482,chr5,153950000,155050000,154050000,154950000
105615,chr5,155050000,157150000,154950000,157150000
105748,chr5,157150000,157750000,157150000,157750000
105881,chr5,157750000,159250000,157750000,159250000
106014,chr5,159250000,159950000,159250000,159950000
106147,chr5,159950000,160450000,159950000,160450000
106280,chr5,160450000,163450000,160450000,163450000
106548,chr5,168250000,169550000,168250000,169650000
106681,chr5,169550000,170750000,169650000,170850000
106814,chr5,170750000,171350000,170850000,171350000
107746,chr5,179650000,180650000,179750000,180650000
107747,chr6,550000,1450000,650000,1550000
108131,chr6,4150000,5350000,4150000,5450000
108259,chr6,5350000,6550000,5450000,6650000
109155,chr6,15650000,16250000,15550000,16250000
109283,chr6,16250000,17050000,16250000,17150000
109667,chr6,20050000,21550000,20150000,21650000
110308,chr6,27850000,29650000,27950000,29650000
110436,chr6,29650000,30350000,29650000,30350000
111209,chr6,44350000,45950000,44450000,45850000
113389,chr6,77550000,78850000,77450000,78950000
113517,chr6,78850000,80050000,78950000,79950000
113645,chr6,80050000,82250000,79950000,82150000
113773,chr6,82250000,83050000,82150000,83050000
114157,chr6,85750000,87050000,85650000,87050000
114540,chr6,88850000,89850000,88850000,89850000
114668,chr6,89850000,90550000,89850000,90550000
115052,chr6,95250000,96550000,95250000,96550000
115436,chr6,99250000,100750000,99250000,100650000
115821,chr6,106350000,107050000,106350000,107050000
116462,chr6,112250000,113950000,112150000,113950000
116590,chr6,113950000,116150000,113950000,116150000
116718,chr6,116150000,116850000,116150000,116750000
116975,chr6,119050000,121350000,118950000,121350000
117103,chr6,121350000,122350000,121350000,122450000
117488,chr6,125950000,127250000,125850000,127250000
118384,chr6,135050000,136350000,135050000,136350000
119153,chr6,144550000,145850000,144550000,145850000
119281,chr6,145850000,146750000,145850000,146750000
119409,chr6,146750000,147350000,146750000,147350000
119793,chr6,149950000,150850000,149950000,150850000
119921,chr6,150850000,151450000,150850000,151450000
120049,chr6,151450000,152350000,151450000,152450000
120563,chr6,157250000,158150000,157250000,158150000
120691,chr6,158150000,159150000,158150000,159150000
120819,chr6,159150000,159750000,159150000,159750000
122091,chr7,7550000,8350000,7550000,8350000
122336,chr7,11350000,12450000,11350000,12550000
122458,chr7,12450000,13250000,12550000,13250000
122580,chr7,13250000,14650000,13250000,14550000
123070,chr7,19750000,20550000,19650000,20650000
123192,chr7,20550000,22050000,20650000,22050000
123559,chr7,25150000,25950000,25150000,25850000
123925,chr7,28150000,28950000,28150000,28850000
124293,chr7,32450000,33150000,32550000,33250000
125151,chr7,41850000,42850000,41850000,42850000
125396,chr7,45250000,45750000,45150000,45750000
125518,chr7,45750000,47150000,45750000,47250000
125885,chr7,50050000,51250000,50050000,51350000
126007,chr7,51250000,54650000,51350000,54650000
126618,chr7,70750000,71750000,70750000,71750000
126983,chr7,78050000,79150000,78050000,79250000
127228,chr7,81450000,82050000,81450000,82050000
127350,chr7,82050000,82750000,82050000,82650000
127595,chr7,85050000,85850000,85050000,85850000
128084,chr7,91050000,91850000,91150000,91950000
128206,chr7,91850000,92550000,91950000,92550000
128328,chr7,92550000,93150000,92550000,93150000
128693,chr7,95950000,97150000,95950000,97050000
128815,chr7,97150000,98050000,97050000,98050000
128937,chr7,98050000,98850000,98050000,98950000
129059,chr7,98850000,99450000,98950000,99450000
129181,chr7,99450000,103350000,99450000,103450000
129303,chr7,103350000,104150000,103450000,104150000
129425,chr7,104150000,104850000,104150000,104950000
129547,chr7,104850000,105550000,104950000,105550000
130770,chr7,120750000,122050000,120650000,122050000
131503,chr7,130150000,130850000,130050000,130850000
131625,chr7,130850000,131650000,130850000,131650000
131747,chr7,131650000,132650000,131650000,132750000
132357,chr7,139250000,140550000,139350000,140550000
132479,chr7,140550000,141850000,140550000,141750000
132966,chr7,148350000,149050000,148250000,149050000
133332,chr7,152150000,152950000,152150000,152950000
133577,chr7,154750000,155750000,154850000,155750000
133824,chr8,1650000,4850000,1750000,4950000
134165,chr8,6850000,9850000,6850000,9850000
134506,chr8,11350000,12950000,11350000,12950000
134620,chr8,12950000,13750000,12950000,13750000
135082,chr8,24450000,25050000,24350000,25050000
135427,chr8,30050000,30750000,30050000,30650000
135884,chr8,36750000,37750000,36750000,37850000
136113,chr8,39850000,40950000,39950000,40950000
136227,chr8,40950000,41650000,40950000,41550000
136341,chr8,41650000,43150000,41550000,43150000
136455,chr8,43150000,47150000,43150000,47050000
136569,chr8,47150000,47850000,47050000,47850000
136683,chr8,47850000,49050000,47850000,48950000
137254,chr8,57450000,58550000,57350000,58650000
137368,chr8,58550000,60450000,58650000,60450000
137597,chr8,61550000,63250000,61650000,63250000
137711,chr8,63250000,64350000,63250000,64450000
138169,chr8,70050000,70650000,70050000,70650000
138283,chr8,70650000,72250000,70650000,72250000
138397,chr8,72250000,72950000,72250000,73050000
138853,chr8,78350000,79650000,78350000,79650000
139194,chr8,81750000,84550000,81750000,84550000
139308,chr8,84550000,86550000,84550000,86450000
139993,chr8,93550000,94450000,93550000,94450000
140222,chr8,96250000,97650000,96250000,97550000
140336,chr8,97650000,98150000,97550000,98150000
140450,chr8,98150000,100050000,98150000,99950000
140680,chr8,102150000,102950000,102150000,102950000
140794,chr8,102950000,103650000,102950000,103650000
141023,chr8,105750000,106750000,105850000,106750000
141137,chr8,106750000,107850000,106750000,107850000
141251,chr8,107850000,108750000,107850000,108850000
142166,chr8,122550000,123350000,122550000,123350000
142395,chr8,124550000,125050000,124450000,125050000
142736,chr8,126750000,127650000,126850000,127750000
143078,chr8,130750000,132050000,130750000,131950000
143192,chr8,132050000,132650000,131950000,132750000
143306,chr8,132650000,133550000,132750000,133550000
143764,chr8,140450000,141550000,140550000,141450000
143767,chr9,950000,2050000,950000,1950000
143846,chr9,2050000,2850000,1950000,2850000
143925,chr9,2850000,4650000,2850000,4650000
144481,chr9,17550000,18250000,17550000,18250000
145190,chr9,32950000,34750000,33050000,34650000
145269,chr9,34750000,35650000,34650000,35550000
145505,chr9,37450000,38550000,37450000,38450000
145584,chr9,38550000,69050000,38450000,69150000
146058,chr9,77250000,78350000,77250000,78350000
146217,chr9,83150000,83750000,83050000,83850000
146296,chr9,83750000,84350000,83850000,84450000
146690,chr9,89450000,90150000,89450000,90150000
146769,chr9,90150000,90850000,90150000,90950000
146848,chr9,90850000,92150000,90950000,92150000
146927,chr9,92150000,92750000,92150000,92850000
147244,chr9,96850000,97650000,96850000,97550000
147323,chr9,97650000,98750000,97550000,98850000
147402,chr9,98750000,100650000,98850000,100550000
147640,chr9,104750000,105750000,104750000,105650000
148193,chr9,115550000,116650000,115550000,116650000
148272,chr9,116650000,117550000,116650000,117550000
148351,chr9,117550000,120550000,117550000,120450000
148591,chr9,124450000,125350000,124450000,125350000
148670,chr9,125350000,126750000,125350000,126750000
148830,chr9,129850000,131750000,129750000,131650000
149092,chr10,3050000,4850000,3150000,4750000
149190,chr10,4850000,6550000,4750000,6450000
149484,chr10,9350000,11450000,9350000,11350000
149582,chr10,11450000,12150000,11350000,12050000
149876,chr10,15250000,15850000,15250000,15850000
149974,chr10,15850000,16750000,15850000,16850000
150270,chr10,20850000,21950000,20850000,21950000
150368,chr10,21950000,23050000,21950000,23050000
150466,chr10,23050000,24550000,23050000,24450000
151054,chr10,30650000,33150000,30650000,33150000
151251,chr10,35650000,36850000,35650000,36850000
151448,chr10,43550000,44950000,43650000,44950000
151842,chr10,52750000,55650000,52850000,55650000
151940,chr10,55650000,58250000,55650000,58350000
152429,chr10,63050000,63950000,63150000,63950000
152722,chr10,66950000,67750000,66850000,67750000
152820,chr10,67750000,68350000,67750000,68350000
152918,chr10,68350000,69050000,68350000,69050000
153016,chr10,69050000,70250000,69050000,70150000
153506,chr10,74250000,75250000,74250000,75250000
153604,chr10,75250000,77050000,75250000,77150000
153702,chr10,77050000,77950000,77150000,77850000
153800,chr10,77950000,79350000,77850000,79350000
153898,chr10,79350000,80350000,79350000,80350000
154096,chr10,84150000,84650000,84050000,84650000
154194,chr10,84650000,86450000,84650000,86450000
154391,chr10,89750000,90750000,89750000,90850000
154489,chr10,90750000,91850000,90850000,91950000
155567,chr10,104450000,106650000,104350000,106650000
155960,chr10,112450000,113650000,112450000,113650000
156058,chr10,113650000,114150000,113650000,114250000
156156,chr10,114150000,115250000,114250000,115250000
156254,chr10,115250000,116550000,115250000,116450000
156548,chr10,118450000,119050000,118350000,119150000
156841,chr10,120850000,121750000,120850000,121850000
157429,chr10,128250000,130250000,128150000,130150000
157527,chr10,130250000,131950000,130150000,131850000
157743,chr11,6750000,7950000,6750000,7950000
157956,chr11,10850000,11750000,10850000,11750000
158062,chr11,11750000,13450000,11750000,13450000
158168,chr11,13450000,14550000,13450000,14450000
158909,chr11,22850000,24450000,22850000,24450000
159122,chr11,27650000,29450000,27550000,29350000
159228,chr11,29450000,30150000,29350000,30250000
161138,chr11,60750000,61250000,60750000,61350000
161244,chr11,61250000,62950000,61350000,62850000
161671,chr11,69750000,70350000,69750000,70350000
161884,chr11,72050000,72750000,72050000,72750000
162841,chr11,85650000,86350000,85550000,86350000
163054,chr11,87450000,88650000,87350000,88550000
163372,chr11,93750000,94550000,93750000,94550000
163478,chr11,94550000,95050000,94550000,95050000
163584,chr11,95050000,95750000,95050000,95750000
163690,chr11,95750000,96450000,95750000,96350000
164007,chr11,99050000,99750000,99050000,99850000
164959,chr11,109850000,111450000,109950000,111450000
165065,chr11,111450000,112150000,111450000,112150000
165491,chr11,116750000,117350000,116750000,117350000
165597,chr11,117350000,118550000,117350000,118550000
165811,chr11,120250000,121650000,120250000,121650000
166448,chr11,128950000,129850000,128950000,129850000
166661,chr11,130950000,131650000,130950000,131650000
166978,chr11,133150000,133950000,133150000,133950000
167087,chr12,1650000,2850000,1650000,2750000
167409,chr12,5850000,7050000,5850000,7150000
167516,chr12,7050000,8350000,7150000,8450000
168264,chr12,14750000,15950000,14750000,15950000
168371,chr12,15950000,18050000,15950000,18150000
168907,chr12,24850000,26050000,24750000,26050000
169014,chr12,26050000,26850000,26050000,26750000
169121,chr12,26850000,27750000,26750000,27750000
169228,chr12,27750000,29450000,27750000,29450000
170192,chr12,43350000,43950000,43350000,43850000
170299,chr12,43950000,45050000,43850000,45050000
170406,chr12,45050000,46050000,45050000,46050000
170727,chr12,48650000,51450000,48750000,51450000
170834,chr12,51450000,51950000,51450000,52050000
170941,chr12,51950000,52950000,52050000,53050000
171048,chr12,52950000,53750000,53050000,53650000
171155,chr12,53750000,54550000,53650000,54450000
171370,chr12,55650000,56650000,55650000,56650000
171477,chr12,56650000,57850000,56650000,57850000
172012,chr12,63750000,64750000,63650000,64850000
172119,chr12,64750000,66250000,64850000,66150000
172226,chr12,66250000,67250000,66150000,67350000
172761,chr12,71850000,74550000,71850000,74550000
172868,chr12,74550000,75350000,74550000,75450000
173189,chr12,78050000,79350000,78050000,79350000
173296,chr12,79350000,80350000,79350000,80250000
173831,chr12,85950000,88050000,85950000,88050000
173938,chr12,88050000,88950000,88050000,88950000
174045,chr12,88950000,89550000,88950000,89550000
174152,chr12,89550000,90850000,89550000,90950000
174259,chr12,90850000,92750000,90950000,92650000
174366,chr12,92750000,93450000,92650000,93450000
174794,chr12,96550000,98350000,96550000,98450000
175328,chr12,102850000,103650000,102850000,103650000
175435,chr12,103650000,105150000,103650000,105050000
175542,chr12,105150000,106250000,105050000,106250000
175649,chr12,106250000,107050000,106250000,107050000
175756,chr12,107050000,107750000,107050000,107650000
175863,chr12,107750000,108550000,107650000,108550000
176078,chr12,109950000,111350000,109950000,111450000
176185,chr12,111350000,112550000,111450000,112450000
176400,chr12,113950000,114550000,114050000,114650000
176507,chr12,114550000,115850000,114650000,115850000
176614,chr12,115850000,117150000,115850000,117250000
176721,chr12,117150000,117950000,117250000,118050000
177545,chr13,21650000,23350000,21550000,23350000
177686,chr13,24350000,25450000,24450000,25450000
177756,chr13,25450000,26150000,25450000,26150000
178176,chr13,31150000,31850000,31150000,31850000
178386,chr13,35150000,35850000,35150000,35850000
178456,chr13,35850000,36950000,35850000,36950000
178526,chr13,36950000,39050000,36950000,38950000
178596,chr13,39050000,39750000,38950000,39750000
178666,chr13,39750000,40850000,39750000,40850000
178736,chr13,40850000,42250000,40850000,42350000
178806,chr13,42250000,43850000,42350000,43850000
178947,chr13,45450000,46850000,45450000,46850000
179017,chr13,46850000,47950000,46850000,48050000
179158,chr13,51150000,52650000,51050000,52650000
179300,chr13,57550000,60450000,57650000,60350000
179370,chr13,60450000,62050000,60350000,62050000
179649,chr13,65650000,67250000,65650000,67250000
179862,chr13,72750000,73650000,72750000,73750000
179932,chr13,73650000,75350000,73750000,75350000
180002,chr13,75350000,77050000,75350000,76950000
180072,chr13,77050000,77650000,76950000,77650000
180142,chr13,77650000,79350000,77650000,79450000
180422,chr13,84850000,85850000,84850000,85850000
180840,chr13,94450000,96050000,94550000,95950000
180910,chr13,96050000,96950000,95950000,96950000
180980,chr13,96950000,97850000,96950000,97850000
181261,chr13,101850000,102950000,101850000,102950000
181539,chr13,107150000,108150000,107250000,108250000
181609,chr13,108150000,108950000,108250000,108950000
181679,chr13,108950000,110250000,108950000,110150000
181749,chr13,110250000,111350000,110150000,111350000
181819,chr13,111350000,112450000,111350000,112450000
181820,chr14,20250000,20950000,20150000,21050000
181886,chr14,20950000,21650000,21050000,21650000
182085,chr14,24550000,25250000,24450000,25250000
182218,chr14,28750000,30550000,28750000,30650000
182415,chr14,32550000,34450000,32550000,34450000
182481,chr14,34450000,35850000,34450000,35850000
182614,chr14,37150000,37750000,37150000,37850000
183274,chr14,55050000,56550000,55050000,56450000
183340,chr14,56550000,57350000,56450000,57350000
183737,chr14,63250000,65050000,63350000,65050000
183803,chr14,65050000,66350000,65050000,66250000
184067,chr14,69650000,70950000,69650000,71050000
184133,chr14,70950000,71850000,71050000,71750000
184595,chr14,78850000,81650000,78850000,81650000
184796,chr14,88550000,89850000,88650000,89950000
184862,chr14,89850000,90850000,89950000,90750000
185260,chr14,99250000,100150000,99250000,100250000
185587,chr15,26850000,28050000,26950000,28050000
185772,chr15,31650000,33150000,31550000,33150000
185960,chr15,37850000,38650000,37950000,38550000
186209,chr15,43650000,44650000,43750000,44650000
186271,chr15,44650000,45750000,44650000,45750000
186333,chr15,45750000,47150000,45750000,47250000
186395,chr15,47150000,48250000,47250000,48250000
186580,chr15,50250000,51550000,50250000,51550000
186642,chr15,51550000,52750000,51550000,52750000
186704,chr15,52750000,53850000,52750000,53850000
186766,chr15,53850000,55150000,53850000,55250000
187014,chr15,59650000,60450000,59650000,60450000
187201,chr15,64150000,65450000,64150000,65450000
187263,chr15,65450000,66450000,65450000,66450000
187388,chr15,68250000,69450000,68350000,69450000
187887,chr15,80350000,81050000,80350000,81050000
187949,chr15,81050000,82450000,81050000,82450000
188135,chr15,85250000,85850000,85250000,85850000
188447,chr15,93050000,94350000,92950000,94250000
188509,chr15,94350000,96450000,94250000,96350000
188694,chr15,98350000,99150000,98450000,99150000
188756,chr15,99150000,99850000,99150000,99850000
188818,chr15,99850000,100550000,99850000,100450000
188879,chr16,4350000,5150000,4350000,5050000
189112,chr16,10850000,12050000,10950000,12150000
189170,chr16,12050000,13850000,12150000,13850000
189345,chr16,20650000,21350000,20650000,21350000
189403,chr16,21350000,23550000,21350000,23550000
189461,chr16,23550000,24450000,23550000,24450000
189519,chr16,24450000,25250000,24450000,25250000
189752,chr16,31050000,46550000,30950000,46550000
190099,chr16,50850000,52050000,50750000,52050000
190563,chr16,62150000,63250000,62150000,63350000
190621,chr16,63250000,65050000,63350000,65050000
190679,chr16,65050000,66350000,65050000,66350000
190796,chr16,68350000,69250000,68350000,69250000
190913,chr16,72050000,74250000,72050000,74350000
190971,chr16,74250000,75750000,74350000,75750000
191029,chr16,75750000,77150000,75750000,77150000
191087,chr16,77150000,78150000,77150000,78150000
191319,chr16,81850000,83850000,81850000,83950000
191493,chr16,85750000,86550000,85750000,86550000
191551,chr16,86550000,87250000,86550000,87250000
191675,chr17,3550000,5450000,3650000,5550000
191735,chr17,5450000,6550000,5550000,6450000
191915,chr17,9650000,10750000,9750000,10750000
191975,chr17,10750000,12050000,10750000,12150000
192035,chr17,12050000,13150000,12150000,13050000
192398,chr17,27750000,28550000,27750000,28550000
192700,chr17,35850000,37350000,35750000,37450000
192822,chr17,40750000,41650000,40750000,41750000
192882,chr17,41650000,43250000,41750000,43250000
193182,chr17,51250000,54850000,51250000,54950000
193723,chr17,66150000,67250000,66150000,67250000
193783,chr17,67250000,67850000,67250000,67850000
193904,chr17,69350000,70650000,69450000,70750000
193964,chr17,70650000,72650000,70750000,72650000
194024,chr17,72650000,73350000,72650000,73250000
194205,chr17,77450000,78950000,77450000,78950000
194265,chr17,78950000,79650000,78950000,79750000
194325,chr17,79650000,81050000,79750000,80950000
194387,chr18,2650000,4050000,2650000,4050000
194683,chr18,8550000,10050000,8550000,9950000
194742,chr18,10050000,10650000,9950000,10650000
194918,chr18,12250000,13050000,12250000,13050000
194977,chr18,13050000,13850000,13050000,13750000
195036,chr18,13850000,21950000,13750000,21950000
195095,chr18,21950000,22850000,21950000,22750000
195154,chr18,22850000,23550000,22750000,23450000
195213,chr18,23550000,24450000,23450000,24350000
195570,chr18,36750000,40350000,36750000,40250000
195629,chr18,40350000,42050000,40250000,42050000
195688,chr18,42050000,43550000,42050000,43650000
195747,chr18,43550000,45550000,43650000,45550000
195806,chr18,45550000,46050000,45550000,46050000
195865,chr18,46050000,47250000,46050000,47150000
195984,chr18,48550000,49450000,48550000,49350000
196104,chr18,54250000,55150000,54150000,55150000
196163,chr18,55150000,56650000,55150000,56650000
196222,chr18,56650000,57550000,56650000,57550000
196341,chr18,59150000,59950000,59150000,59950000
196400,chr18,59950000,60650000,59950000,60650000
196459,chr18,60650000,61450000,60650000,61450000
196518,chr18,61450000,62250000,61450000,62250000
196697,chr18,67150000,68750000,67250000,68750000
196934,chr18,74550000,76350000,74550000,76250000
196993,chr18,76350000,76850000,76250000,76850000
197052,chr18,76850000,77750000,76850000,77750000
197729,chr19,22050000,24250000,21950000,24150000
197872,chr19,30650000,32250000,30650000,32350000
198109,chr19,39450000,40750000,39450000,40750000
198250,chr19,42550000,43450000,42550000,43450000
198297,chr19,43450000,45950000,43450000,45850000
198344,chr19,45950000,47250000,45850000,47250000
198391,chr19,47250000,48550000,47250000,48550000
198438,chr19,48550000,49950000,48550000,49950000
198485,chr19,49950000,51850000,49950000,51850000
198580,chr19,53650000,55050000,53650000,54950000
198627,chr19,55050000,55650000,54950000,55750000
198811,chr20,4150000,5250000,4150000,5250000
198856,chr20,5250000,6150000,5250000,6150000
198990,chr20,7950000,8750000,7950000,8750000
199035,chr20,8750000,9450000,8750000,9450000
199215,chr20,14050000,16750000,14150000,16750000
199260,chr20,16750000,17450000,16750000,17450000
199305,chr20,17450000,18450000,17450000,18350000
199576,chr20,24950000,29050000,24950000,29050000
199621,chr20,29050000,31450000,29050000,31550000
199848,chr20,39150000,41750000,39050000,41750000
199893,chr20,41750000,43450000,41750000,43450000
200027,chr20,44950000,45850000,44950000,45850000
200072,chr20,45850000,46650000,45850000,46650000
200117,chr20,46650000,47650000,46650000,47650000
200252,chr20,49950000,50950000,50050000,50850000
200297,chr20,50950000,52250000,50850000,52250000
200431,chr20,54050000,54750000,54050000,54650000
200476,chr20,54750000,56350000,54650000,56350000
200521,chr20,56350000,57450000,56350000,57450000
200566,chr20,57450000,58250000,57450000,58150000
200611,chr20,58250000,59850000,58150000,59950000
200656,chr20,59850000,61850000,59950000,61950000
200786,chr21,25450000,26750000,25550000,26850000
200886,chr21,31050000,31750000,31150000,31750000
201011,chr21,36050000,37050000,36050000,36950000
201036,chr21,37050000,37650000,36950000,37650000
201090,chr22,16950000,17650000,16950000,17650000
201252,chr22,25850000,26450000,25750000,26550000
201284,chr22,26450000,27950000,26550000,27950000
201316,chr22,27950000,29250000,27950000,29250000
201509,chr22,35250000,36550000,35250000,36550000
201574,chr22,38750000,39450000,38650000,39550000
201606,chr22,39450000,40150000,39550000,40250000
201702,chr22,42550000,43250000,42550000,43250000
201734,chr22,43250000,43850000,43250000,43850000
201766,chr22,43850000,44750000,43850000,44650000
201864,chr22,48450000,49650000,48550000,49750000
202186,chrX,8050000,8750000,7950000,8750000
202401,chrX,10150000,11150000,10250000,11150000
202508,chrX,11150000,11850000,11150000,11850000
203260,chrX,19450000,20350000,19550000,20450000
203367,chrX,20350000,21850000,20450000,21850000
203474,chrX,21850000,23750000,21850000,23650000
204221,chrX,30950000,32350000,30850000,32450000
204328,chrX,32350000,33450000,32450000,33450000
204435,chrX,33450000,34350000,33450000,34250000
204863,chrX,40550000,41850000,40550000,41750000
205506,chrX,49850000,50650000,49950000,50650000
205826,chrX,52250000,54050000,52350000,54050000
206360,chrX,65550000,66850000,65450000,66950000
206899,chrX,74650000,76150000,74650000,76250000
208615,chrX,106850000,108150000,106950000,108050000
208935,chrX,109550000,111750000,109450000,111750000
209042,chrX,111750000,112650000,111750000,112550000
209472,chrX,120850000,123550000,120750000,123550000
209579,chrX,123550000,124250000,123550000,124150000
209901,chrX,129350000,130350000,129450000,130250000
210008,chrX,130350000,131050000,130250000,130950000
210115,chrX,131050000,131750000,130950000,131750000
210222,chrX,131750000,132750000,131750000,132750000
210329,chrX,132750000,134350000,132750000,134450000
210436,chrX,134350000,135050000,134450000,134950000
210543,chrX,135050000,137150000,134950000,137150000
211296,chrX,151750000,152750000,151650000,152850000
