,chrom,start,end,mean_intensity
0,chr1,3850000,5950000,1.1192904302032805
1,chr1,5950000,6550000,1.6128416237579433
2,chr1,6550000,7850000,1.8633403950601302
3,chr1,7850000,9050000,1.7656627069885555
4,chr1,9050000,11050000,1.8898765507860418
5,chr1,11050000,11950000,1.5006061346347412
6,chr1,11950000,15450000,1.1697034891382547
7,chr1,15450000,16950000,2.1252619214022634
8,chr1,16950000,17450000,2.0891310469516546
9,chr1,17450000,18950000,1.4251039842930993
10,chr1,18950000,19850000,2.456498390628322
11,chr1,19850000,20650000,1.5920130365706138
12,chr1,20650000,21950000,1.589600669822012
13,chr1,21950000,23850000,1.485328061470555
14,chr1,23850000,28550000,1.7220980470412222
15,chr1,28550000,29250000,1.3641118363196476
16,chr1,29250000,30650000,1.5384082246836162
17,chr1,30650000,33650000,1.1870077476639995
18,chr1,33650000,34850000,1.1026128557242443
19,chr1,34850000,36550000,1.139542016691199
20,chr1,36550000,37950000,0.9383792281596683
21,chr1,37950000,38950000,1.2944179158860327
22,chr1,38950000,39850000,1.5828700883508597
23,chr1,39850000,42650000,1.368370282554461
24,chr1,42650000,44750000,1.6291404966494436
25,chr1,44750000,46350000,1.2458488205691196
26,chr1,46350000,47250000,0.892494363906757
27,chr1,47250000,50250000,0.8969473418792334
28,chr1,50250000,53250000,1.2329658304715854
29,chr1,53250000,53950000,1.8486154253454954
30,chr1,53950000,55050000,1.5430582759475122
31,chr1,55050000,56850000,1.1544036157820408
32,chr1,56850000,58550000,1.006006252469226
33,chr1,58550000,59850000,1.5685600108787445
34,chr1,59850000,60950000,1.0699382724003106
35,chr1,60950000,62850000,0.7661239507107839
36,chr1,62850000,63550000,0.7200626328342254
37,chr1,63550000,64250000,1.602728146807219
38,chr1,64250000,64950000,1.1906143078666933
39,chr1,64950000,65850000,1.3886792236122083
40,chr1,65850000,68550000,0.8519820346203462
41,chr1,68550000,70550000,0.5982288888236308
42,chr1,70550000,74650000,0.610757819872425
43,chr1,74650000,75850000,0.6685545182392834
44,chr1,75850000,77150000,1.141287613725969
45,chr1,77150000,78750000,1.0637301195361506
46,chr1,78750000,79350000,0.9548532070838305
47,chr1,79350000,80250000,0.7173398779182749
48,chr1,80250000,83850000,0.7709330909620374
49,chr1,83850000,85150000,1.128709482560737
50,chr1,85150000,87150000,0.6974850130703502
51,chr1,87150000,88650000,0.7604784515016672
52,chr1,88650000,90050000,0.7530872593556426
53,chr1,90050000,91350000,0.7399780524783132
54,chr1,91350000,92850000,0.9938030265870758
55,chr1,92850000,95150000,1.7571674353393416
56,chr1,95150000,96150000,0.8048188955388705
57,chr1,96150000,96950000,1.1996344694691474
58,chr1,96950000,98650000,0.6496847637867403
59,chr1,98650000,99750000,1.0095443481639796
60,chr1,99750000,101450000,1.5325193525316365
61,chr1,101450000,104650000,0.75645555323729
62,chr1,104650000,105950000,0.7021347963770733
63,chr1,105950000,111050000,0.9379553280295915
64,chr1,111050000,112350000,0.7790942065812066
65,chr1,112350000,113850000,0.6886833048615267
66,chr1,113850000,114850000,0.8588192342520901
67,chr1,114850000,115950000,1.1906560874044168
68,chr1,115950000,118050000,0.8915789488642932
69,chr1,118050000,119650000,0.8897458852472524
70,chr1,119650000,152050000,
71,chr1,152050000,153550000,0.9198315580443537
72,chr1,153550000,157150000,0.8363279268488925
73,chr1,157150000,159150000,0.8424213950461171
74,chr1,159150000,161050000,1.3390251485723168
75,chr1,161050000,162550000,1.535811795075676
76,chr1,162550000,163450000,1.6314246667637093
77,chr1,163450000,165050000,0.894303600786286
78,chr1,165050000,166650000,0.9059760195419791
79,chr1,166650000,168250000,1.0865784806906582
80,chr1,168250000,169850000,0.8189241324391853
81,chr1,169850000,171550000,1.096969201531108
82,chr1,171550000,172650000,1.111097833514073
83,chr1,172650000,174250000,0.8720262874948292
84,chr1,174250000,175050000,0.8719076006607006
85,chr1,175050000,176250000,1.2671231654966846
86,chr1,176250000,177850000,0.8842995609201806
87,chr1,177850000,179650000,1.3690399943037785
88,chr1,179650000,181250000,0.7824932598600443
89,chr1,181250000,182850000,0.7527472971672805
90,chr1,182850000,186350000,0.798311345391002
91,chr1,186350000,187150000,1.1034735738137342
92,chr1,187150000,192450000,0.5201789990497291
93,chr1,192450000,193150000,0.7886559090654645
94,chr1,193150000,194450000,0.74116135296267
95,chr1,194450000,196050000,0.6069481231989504
96,chr1,196050000,197250000,0.7106711300619217
97,chr1,197250000,198650000,0.6266071293441334
98,chr1,198650000,199550000,1.0504126090205874
99,chr1,199550000,200550000,0.9893988802790169
100,chr1,200550000,202150000,1.6099851639180918
101,chr1,202150000,202950000,1.7499289908732534
102,chr1,202950000,204550000,0.9923182310873156
103,chr1,204550000,207750000,1.9514088280132023
104,chr1,207750000,208350000,1.36104558002836
105,chr1,208350000,209450000,1.0419850729959377
106,chr1,209450000,211250000,1.0044041541177515
107,chr1,211250000,213150000,1.887538252056202
108,chr1,213150000,214150000,1.1157300064376923
109,chr1,214150000,215650000,1.3513304990214818
110,chr1,215650000,218250000,0.7961995899316445
111,chr1,218250000,220050000,1.01258424912825
112,chr1,220050000,220850000,1.3535824394953053
113,chr1,220850000,222550000,1.2297045484174498
114,chr1,222550000,223750000,0.7887927551104644
115,chr1,223750000,225350000,0.9315842195570582
116,chr1,225350000,226050000,1.9484532830559846
117,chr1,226050000,227450000,1.38747830181253
118,chr1,227450000,229550000,0.459096802447857
119,chr1,229550000,230450000,1.4118163357119176
120,chr1,230450000,231750000,1.029190323522409
121,chr1,231750000,233350000,1.1003132438367162
122,chr1,233350000,234350000,1.0741829787043626
123,chr1,234350000,235150000,2.526155908487534
124,chr1,235150000,236050000,1.5643071220622868
125,chr1,236050000,237550000,0.9328360339519932
126,chr1,237550000,239950000,0.772199414226979
127,chr1,239950000,240750000,1.3459704159850847
128,chr1,240750000,241950000,0.8430501917061548
129,chr1,241950000,243050000,0.8130107716509701
130,chr1,243050000,244350000,1.4819856346857758
131,chr1,244350000,247450000,1.030505911423764
132,chr2,650000,1850000,1.3658959561171822
133,chr2,1850000,3750000,1.6166899232857872
134,chr2,3750000,6950000,0.8657306490418267
135,chr2,6950000,8750000,1.129264782318492
136,chr2,8750000,10750000,2.0678778201006445
137,chr2,10750000,11750000,1.6203801446169461
138,chr2,11750000,13050000,1.5713928074021606
139,chr2,13050000,15650000,0.752447856358179
140,chr2,15650000,16650000,1.4017227769188187
141,chr2,16650000,17750000,1.1144787851167173
142,chr2,17750000,18450000,1.142606460378287
143,chr2,18450000,19850000,1.67240887615121
144,chr2,19850000,21050000,1.275264175753747
145,chr2,21050000,27550000,1.4142638666828298
146,chr2,27550000,28950000,1.7795400944383328
147,chr2,28950000,30150000,1.6190843889585942
148,chr2,30150000,30750000,1.4776736878721142
149,chr2,30750000,31650000,1.236525631711141
150,chr2,31650000,33650000,0.898059707859815
151,chr2,33650000,36250000,0.7668725866223935
152,chr2,36250000,37050000,0.8503667796647623
153,chr2,37050000,39850000,1.3348454908710847
154,chr2,39850000,41750000,0.7871430834017769
155,chr2,41750000,42750000,1.036153438547144
156,chr2,42750000,43650000,2.3539997000960544
157,chr2,43650000,45650000,1.22762384987852
158,chr2,45650000,47850000,1.871388572850286
159,chr2,47850000,48650000,1.2897577171591925
160,chr2,48650000,50450000,0.7043996804019937
161,chr2,50450000,53750000,0.7051580544491008
162,chr2,53750000,55650000,1.1582276346748521
163,chr2,55650000,57550000,0.8354878302906572
164,chr2,57550000,58650000,0.8323040960659518
165,chr2,58650000,60650000,0.8537306680602573
166,chr2,60650000,61850000,1.4004872050335984
167,chr2,61850000,63550000,0.9388949626454154
168,chr2,63550000,65650000,1.20249987475976
169,chr2,65650000,68050000,0.9008044286603732
170,chr2,68050000,70250000,1.6303571514901745
171,chr2,70250000,71050000,1.1062788234625789
172,chr2,71050000,73350000,0.892132947727793
173,chr2,73350000,74550000,1.8479384164084773
174,chr2,74550000,75850000,1.0687707706407756
175,chr2,75850000,84350000,0.604499375455669
176,chr2,84350000,86250000,1.3274685707560898
177,chr2,86250000,88650000,
178,chr2,88650000,99350000,
179,chr2,99350000,100350000,1.562252270078657
180,chr2,100350000,101250000,1.6280821666226875
181,chr2,101250000,102750000,1.394339319530858
182,chr2,102750000,105150000,0.5635444862426923
183,chr2,105150000,106650000,1.0989679512119086
184,chr2,106650000,108150000,0.9649574184343926
185,chr2,108150000,108750000,1.8539489025928335
186,chr2,108750000,112050000,
187,chr2,112050000,117750000,0.7126081618802337
188,chr2,117750000,119550000,1.3072233962191062
189,chr2,119550000,121850000,1.498094784738208
190,chr2,121850000,123750000,0.6635167807455895
191,chr2,123750000,126950000,0.7257010401511975
192,chr2,126950000,127950000,1.4380575507040723
193,chr2,127950000,128850000,1.6464283608232755
194,chr2,128850000,131250000,1.0033162099848787
195,chr2,131250000,133850000,0.8782512855260975
196,chr2,133850000,134950000,0.740223182650284
197,chr2,134950000,135850000,1.0761911451715582
198,chr2,135850000,137850000,0.7055966632859945
199,chr2,137850000,138850000,0.8085591225711747
200,chr2,138850000,140050000,0.7476586775074118
201,chr2,140050000,143150000,0.7328095682026466
202,chr2,143150000,146750000,0.996503145898588
203,chr2,146750000,147850000,0.9370592612902638
204,chr2,147850000,149550000,1.2984689290353353
205,chr2,149550000,151550000,0.7191262736591577
206,chr2,151550000,152750000,0.8127129175718112
207,chr2,152750000,157250000,0.6684590424558946
208,chr2,157250000,158850000,0.7879338689041498
209,chr2,158850000,159950000,1.7175277221498497
210,chr2,159950000,161350000,1.8303472995499401
211,chr2,161350000,163150000,0.591075431586615
212,chr2,163150000,164550000,0.9520302329696942
213,chr2,164550000,166050000,0.6176598312555249
214,chr2,166050000,168050000,1.0778305491479427
215,chr2,168050000,169050000,1.442539832374532
216,chr2,169050000,170250000,1.6821673448008179
217,chr2,170250000,170850000,1.5009044754008347
218,chr2,170850000,171550000,1.5409534246081378
219,chr2,171550000,172650000,1.1127790178835466
220,chr2,172650000,174450000,1.5074890937128371
221,chr2,174450000,175250000,1.2753548208329197
222,chr2,175250000,176650000,0.9250681668774212
223,chr2,176650000,177850000,0.895359535148132
224,chr2,177850000,178650000,0.9319277627807582
225,chr2,178650000,179950000,1.057377104023774
226,chr2,179950000,181050000,1.1419589332752322
227,chr2,181050000,183150000,0.7358740385669215
228,chr2,183150000,184550000,0.9443781854897005
229,chr2,184550000,186450000,0.8583244071020997
230,chr2,186450000,187550000,1.2416705968077262
231,chr2,187550000,189650000,1.3013230193637588
232,chr2,189650000,190950000,1.216209167299243
233,chr2,190950000,191650000,1.8644646135075718
234,chr2,191650000,192350000,1.32304999674551
235,chr2,192350000,196850000,0.6729625951064424
236,chr2,196850000,197650000,1.340644356991331
237,chr2,197650000,198350000,1.2670022614878478
238,chr2,198350000,199850000,0.823517300945487
239,chr2,199850000,200750000,1.5308074719031977
240,chr2,200750000,202350000,1.4708906325437816
241,chr2,202350000,204050000,1.398600056297225
242,chr2,204050000,206050000,1.3345313838232347
243,chr2,206050000,208350000,1.7831942234099
244,chr2,208350000,209250000,0.9413255471589048
245,chr2,209250000,210350000,0.6834144563909805
246,chr2,210350000,212650000,0.7496062531874691
247,chr2,212650000,213250000,1.1523268703870706
248,chr2,213250000,215250000,0.9303632791754861
249,chr2,215250000,216050000,3.1944270643907102
250,chr2,216050000,219650000,1.6934729900182068
251,chr2,219650000,221850000,0.9685315629900938
252,chr2,221850000,222550000,1.2478547423499595
253,chr2,222550000,223850000,1.3975563102764903
254,chr2,223850000,225750000,1.088840407192183
255,chr2,225750000,227150000,1.4648829516659247
256,chr2,227150000,228650000,0.784032093666227
257,chr2,228650000,229750000,1.091952590307481
258,chr2,229750000,230950000,1.3423729149693555
259,chr2,230950000,231650000,1.9357315647544222
260,chr2,231650000,232550000,2.08190635563404
261,chr2,232550000,233650000,1.5503784348232201
262,chr2,233650000,236250000,1.539810257248987
263,chr2,236250000,237050000,1.6743008104293124
264,chr2,237050000,238350000,1.4698255168138437
265,chr2,238350000,238950000,2.0549764634862577
266,chr2,238950000,240050000,1.574994642443544
267,chr3,450000,3150000,0.7896864187867555
268,chr3,3150000,4250000,0.9579484863304422
269,chr3,4250000,5250000,1.2418680209853972
270,chr3,5250000,9750000,0.9253243788235079
271,chr3,9750000,10250000,1.792924764651114
272,chr3,10250000,11150000,1.348893677250108
273,chr3,11150000,11950000,2.0460939473013986
274,chr3,11950000,12750000,1.8698064742573661
275,chr3,12750000,13750000,2.179263536338578
276,chr3,13750000,15550000,1.0764654346189788
277,chr3,15550000,16450000,2.0837207509096984
278,chr3,16450000,18550000,1.0814950734579163
279,chr3,18550000,20350000,1.0359431144733484
280,chr3,20350000,22050000,0.938075818500907
281,chr3,22050000,22950000,0.7861868411051511
282,chr3,22950000,23850000,1.5110050900356022
283,chr3,23850000,24750000,1.0991260104956406
284,chr3,24750000,25850000,1.6060458699113411
285,chr3,25850000,27050000,0.9602615761046959
286,chr3,27050000,28450000,0.5600170192063895
287,chr3,28450000,29950000,1.128328042331714
288,chr3,29950000,30850000,2.0778891539830946
289,chr3,30850000,33850000,1.5721245480838888
290,chr3,33850000,35950000,0.810404262929552
291,chr3,35950000,37350000,0.9285593372608059
292,chr3,37350000,37950000,1.6296788003477811
293,chr3,37950000,39550000,1.3509917079931106
294,chr3,39550000,40250000,0.9645067956314731
295,chr3,40250000,42750000,1.308322266348779
296,chr3,42750000,44350000,1.013364751857064
297,chr3,44350000,46750000,1.3493029350444223
298,chr3,46750000,50650000,
299,chr3,50650000,51850000,0.8127258264287346
300,chr3,51850000,53250000,1.6266057834659524
301,chr3,53250000,53950000,1.0374832765103943
302,chr3,53950000,54750000,1.0746654783860856
303,chr3,54750000,56450000,1.12746784506926
304,chr3,56450000,58550000,0.79894932798176
305,chr3,58550000,61450000,0.8218915442493344
306,chr3,61450000,62450000,1.3416854867104793
307,chr3,62450000,63850000,0.8133069963352005
308,chr3,63850000,64550000,2.210555183031848
309,chr3,64550000,65350000,1.2930471736575768
310,chr3,65350000,66250000,1.098528718209412
311,chr3,66250000,66950000,1.7784357543546239
312,chr3,66950000,68950000,0.7977218192468758
313,chr3,68950000,69950000,1.1083528697021612
314,chr3,69950000,71750000,1.5606654768635053
315,chr3,71750000,72950000,1.615101108062671
316,chr3,72950000,73950000,0.7282385228742938
317,chr3,73950000,75650000,0.9009093915462402
318,chr3,75650000,76650000,0.9169226334119305
319,chr3,76650000,78550000,1.0847026566851232
320,chr3,78550000,79550000,0.8866027554839228
321,chr3,79550000,81350000,0.881374989573394
322,chr3,81350000,83650000,0.73142093093931
323,chr3,83650000,85750000,0.8328760969955143
324,chr3,85750000,86650000,0.5928527580272195
325,chr3,86650000,88150000,0.8902943417327916
326,chr3,88150000,90250000,0.9649677398043824
327,chr3,90250000,98550000,0.6404401989311381
328,chr3,98550000,99750000,1.063379262868196
329,chr3,99750000,101750000,0.9593853937337546
330,chr3,101750000,102650000,0.747104925000114
331,chr3,102650000,103950000,0.8750633810857676
332,chr3,103950000,105450000,0.9371628699630374
333,chr3,105450000,107150000,1.0943557064982044
334,chr3,107150000,108550000,0.7717682077039267
335,chr3,108550000,111550000,1.0414113227851052
336,chr3,111550000,115150000,1.240093797503826
337,chr3,115150000,115850000,1.3694307142372777
338,chr3,115850000,116650000,1.26544173669206
339,chr3,116650000,119050000,0.7643514690983428
340,chr3,119050000,121450000,1.014949565785506
341,chr3,121450000,122350000,0.8255537842710008
342,chr3,122350000,123650000,1.3866297488998607
343,chr3,123650000,124650000,1.409920878451392
344,chr3,124650000,125750000,2.0946906896499393
345,chr3,125750000,126550000,1.4832096758374445
346,chr3,126550000,127550000,1.1904768897469526
347,chr3,127550000,130150000,2.1280964295760576
348,chr3,130150000,130850000,1.0450458974308556
349,chr3,130850000,132350000,0.9265175764373751
350,chr3,132350000,133550000,1.0941154790386431
351,chr3,133550000,134550000,1.5870321048459293
352,chr3,134550000,135950000,1.0253523496807724
353,chr3,135950000,137050000,1.7557234013576952
354,chr3,137050000,137950000,1.244687564489326
355,chr3,137950000,139050000,0.8175043693592882
356,chr3,139050000,141250000,1.0783207103479266
357,chr3,141250000,142450000,1.5624071663796426
358,chr3,142450000,143850000,1.0651123922781975
359,chr3,143850000,144850000,1.0125884836516912
360,chr3,144850000,148150000,0.9094941047552707
361,chr3,148150000,149850000,1.344541581791373
362,chr3,149850000,151250000,0.9935596934946341
363,chr3,151250000,151950000,1.299853724359309
364,chr3,151950000,152650000,1.3708529657184705
365,chr3,152650000,154250000,1.046126984294179
366,chr3,154250000,155950000,0.9400323271294416
367,chr3,155950000,157550000,1.3384328397117748
368,chr3,157550000,158650000,0.9898534269692923
369,chr3,158650000,160550000,0.9164476100563389
370,chr3,160550000,161450000,1.1721889450577587
371,chr3,161450000,163850000,1.0087838574700345
372,chr3,163850000,165250000,0.7228093901445841
373,chr3,165250000,167050000,0.7579288237116195
374,chr3,167050000,168950000,0.6975363513240994
375,chr3,168950000,169850000,1.2036883376313359
376,chr3,169850000,170950000,1.225916765510554
377,chr3,170950000,172750000,1.5658023960517717
378,chr3,172750000,176850000,1.0454622997205643
379,chr3,176850000,178350000,1.6809953244259301
380,chr3,178350000,179750000,0.9874410829260579
381,chr3,179750000,180650000,1.13917626515295
382,chr3,180650000,182650000,0.8004748801976881
383,chr3,182650000,185550000,1.734319230365851
384,chr3,185550000,187750000,0.9903945408188588
385,chr3,187750000,189150000,1.8385913315035616
386,chr3,189150000,192550000,1.0350117242842785
387,chr3,192550000,193650000,1.0510878928775982
388,chr3,193650000,194450000,2.2438646782642304
389,chr3,194450000,196150000,1.4472546686791683
390,chr3,196150000,196950000,1.8968576767645977
391,chr4,4950000,6550000,1.2023153470720296
392,chr4,6550000,8550000,2.6543668940188465
393,chr4,8550000,10550000,
394,chr4,10550000,12650000,1.2037034964813405
395,chr4,12650000,13550000,1.2119652000175616
396,chr4,13550000,16350000,1.5998098374921403
397,chr4,16350000,17550000,1.3285793007592845
398,chr4,17550000,18650000,1.1025059987757795
399,chr4,18650000,20750000,1.2888078052737957
400,chr4,20750000,21550000,1.1457635252189398
401,chr4,21550000,22850000,0.8848601015356462
402,chr4,22850000,24450000,1.0058100839222581
403,chr4,24450000,25950000,0.9820579428502304
404,chr4,25950000,27150000,1.1783444926650184
405,chr4,27150000,30650000,0.7503472221364312
406,chr4,30650000,36450000,0.6219678678982954
407,chr4,36450000,37450000,0.7099326975256961
408,chr4,37450000,38750000,1.0730010487240873
409,chr4,38750000,41350000,0.9212876095471173
410,chr4,41350000,42050000,0.822974783424358
411,chr4,42050000,44750000,0.865282076051217
412,chr4,44750000,46850000,0.7532480091118471
413,chr4,46850000,48850000,1.2274219799985844
414,chr4,48850000,53050000,
415,chr4,53050000,54350000,1.9443236657694083
416,chr4,54350000,57050000,0.9754541945040288
417,chr4,57050000,60250000,0.7616240529249899
418,chr4,60250000,62850000,0.7526710593033045
419,chr4,62850000,64650000,0.6892782698334177
420,chr4,64650000,67450000,0.7643192305036784
421,chr4,67450000,69550000,0.616408662349703
422,chr4,69550000,70550000,0.874811248630523
423,chr4,70550000,71750000,0.909826966737925
424,chr4,71750000,73150000,0.8218325968007582
425,chr4,73150000,74850000,1.0675473028570044
426,chr4,74850000,75550000,1.1959127566600174
427,chr4,75550000,77150000,1.1043000491672699
428,chr4,77150000,78950000,0.7812432033347254
429,chr4,78950000,80350000,0.7615867213172071
430,chr4,80350000,81350000,1.083339946732962
431,chr4,81350000,82350000,0.9198295684285919
432,chr4,82350000,83550000,0.9925168396328244
433,chr4,83550000,85050000,1.3673530719500995
434,chr4,85050000,89150000,1.7264691698539847
435,chr4,89150000,90350000,1.222716952042113
436,chr4,90350000,94250000,0.6509428692395648
437,chr4,94250000,95150000,1.5006413450650467
438,chr4,95150000,98050000,0.9485076746964397
439,chr4,98050000,100050000,0.698625566645033
440,chr4,100050000,102350000,1.218336433568641
441,chr4,102350000,103250000,1.8429970283138672
442,chr4,103250000,104050000,0.8253926698587901
443,chr4,104050000,104950000,1.0586191294849394
444,chr4,104950000,106950000,1.2373321518949094
445,chr4,106950000,107950000,1.0835615011490134
446,chr4,107950000,108650000,1.8210760599993325
447,chr4,108650000,109950000,0.7548471294600239
448,chr4,109950000,110750000,1.2310813142870154
449,chr4,110750000,112050000,0.7360435036729274
450,chr4,112050000,113150000,0.8878571821205149
451,chr4,113150000,114750000,1.1883668888430312
452,chr4,114750000,118450000,0.8434339879037885
453,chr4,118450000,120150000,1.034647422177013
454,chr4,120150000,121850000,0.6976798207022945
455,chr4,121850000,123050000,1.2674853415157405
456,chr4,123050000,124250000,1.266924745189735
457,chr4,124250000,125250000,1.344334253579636
458,chr4,125250000,127650000,1.1365807595376871
459,chr4,127650000,129150000,1.5805627071326922
460,chr4,129150000,132750000,0.8842018536629946
461,chr4,132750000,134850000,0.8209243785415284
462,chr4,134850000,136950000,0.839717388489068
463,chr4,136950000,138050000,1.3777685233796675
464,chr4,138050000,138950000,1.1260167407702013
465,chr4,138950000,141250000,1.8732034942458107
466,chr4,141250000,142050000,1.2477726505128914
467,chr4,142050000,143550000,0.8150290051170682
468,chr4,143550000,144150000,2.034152179998173
469,chr4,144150000,145150000,1.2750337159303948
470,chr4,145150000,146250000,1.1639012475639756
471,chr4,146250000,147050000,1.2050208283928814
472,chr4,147050000,147950000,1.2716972239860393
473,chr4,147950000,149950000,0.9514113545239354
474,chr4,149950000,151050000,1.7869738473332892
475,chr4,151050000,152550000,1.234428991888832
476,chr4,152550000,153750000,1.2099713474557972
477,chr4,153750000,154650000,1.1873276530681334
478,chr4,154650000,155950000,0.6280264702450703
479,chr4,155950000,157250000,1.1629066167350421
480,chr4,157250000,158050000,1.1059223648634005
481,chr4,158050000,159550000,1.1336217221892952
482,chr4,159550000,161350000,0.8705900143948133
483,chr4,161350000,162450000,0.8925778969242858
484,chr4,162450000,163550000,0.9620391372750522
485,chr4,163550000,165050000,0.9763106850030688
486,chr4,165050000,166750000,0.9273414733982656
487,chr4,166750000,168150000,0.8637978183601699
488,chr4,168150000,169650000,1.2181383939968633
489,chr4,169650000,172850000,0.9285400044642215
490,chr4,172850000,173450000,1.3299321396892783
491,chr4,173450000,174250000,1.1678299722796615
492,chr4,174250000,176250000,0.9716787930589431
493,chr4,176250000,177450000,1.4380774851171214
494,chr4,177450000,183450000,0.7721951137743509
495,chr4,183450000,185150000,1.585933766438881
496,chr4,185150000,186150000,1.5644669712547152
497,chr4,186150000,189250000,1.1263846725388378
498,chr5,4750000,5550000,1.0420270045360385
499,chr5,5550000,6750000,0.9456957767226705
500,chr5,6750000,7850000,1.0089667068865664
501,chr5,7850000,13850000,1.1139904789514532
502,chr5,13850000,15150000,1.8584252233936587
503,chr5,15150000,16450000,0.8719252083659667
504,chr5,16450000,17250000,1.7784261073416792
505,chr5,17250000,18450000,1.204438315531251
506,chr5,18450000,21850000,0.6503894540869383
507,chr5,21850000,28850000,0.6356675630528642
508,chr5,28850000,29850000,0.7023013740384189
509,chr5,29850000,31350000,0.9036211944233483
510,chr5,31350000,33350000,1.2986699086736564
511,chr5,33350000,35050000,1.3833909309626007
512,chr5,35050000,36050000,0.913305384356138
513,chr5,36050000,37350000,1.0244252080060237
514,chr5,37350000,38250000,1.0892948033641559
515,chr5,38250000,38950000,2.064268663046098
516,chr5,38950000,40850000,1.165920190544564
517,chr5,40850000,41850000,0.8921071660729973
518,chr5,41850000,43650000,0.7613154018973445
519,chr5,43650000,44950000,0.8289651920076384
520,chr5,44950000,50950000,
521,chr5,50950000,52550000,0.9036550892603888
522,chr5,52550000,54250000,1.0187000540792697
523,chr5,54250000,55250000,1.4580888697494376
524,chr5,55250000,56150000,1.1640197879870844
525,chr5,56150000,57150000,1.3642396108979895
526,chr5,57150000,58550000,1.158019953253093
527,chr5,58550000,59750000,1.1848025036654193
528,chr5,59750000,60950000,1.1560906571743836
529,chr5,60950000,62250000,0.9498219018191189
530,chr5,62250000,64050000,0.9510052966216275
531,chr5,64050000,64750000,1.2187019203522638
532,chr5,64750000,65550000,1.5254385711899563
533,chr5,65550000,66250000,1.9781475970290059
534,chr5,66250000,68350000,1.098992754383638
535,chr5,68350000,68950000,1.3197964062673588
536,chr5,68950000,72950000,
537,chr5,72950000,73850000,1.578001495395027
538,chr5,73850000,74750000,1.5503249366794243
539,chr5,74750000,75750000,0.9570895814576342
540,chr5,75750000,78250000,1.1070108863137704
541,chr5,78250000,80550000,1.024269354782895
542,chr5,80550000,81250000,1.760299402142303
543,chr5,81250000,82250000,1.4459981093909118
544,chr5,82250000,83650000,1.0944879476256397
545,chr5,83650000,85150000,0.7096816601076975
546,chr5,85150000,86950000,0.831825766828232
547,chr5,86950000,87450000,0.8558872522303758
548,chr5,87450000,88750000,0.742278062483234
549,chr5,88750000,90750000,0.7674280927586453
550,chr5,90750000,91550000,1.2841532386128411
551,chr5,91550000,95450000,0.9164611382567949
552,chr5,95450000,97250000,1.1696355513807466
553,chr5,97250000,98950000,1.09441467445299
554,chr5,98950000,100350000,0.7569244583090315
555,chr5,100350000,102550000,0.8108024982969234
556,chr5,102550000,103550000,0.7399067253196746
557,chr5,103550000,108350000,0.761219533121119
558,chr5,108350000,109550000,1.3118238433629605
559,chr5,109550000,110650000,1.0481769840359092
560,chr5,110650000,112250000,0.7881052551943011
561,chr5,112250000,113650000,0.7358753662605064
562,chr5,113650000,115150000,0.5858602901179646
563,chr5,115150000,116150000,1.0123789182040994
564,chr5,116150000,118950000,0.8003862619105382
565,chr5,118950000,119550000,1.5046023849727
566,chr5,119550000,121950000,0.8315958208649515
567,chr5,121950000,123550000,1.1613662005512435
568,chr5,123550000,126650000,1.3591861438497475
569,chr5,126650000,127550000,1.4070756472017625
570,chr5,127550000,128950000,0.8953877563799141
571,chr5,128950000,129850000,0.9012008234307244
572,chr5,129850000,131050000,1.146100534481866
573,chr5,131050000,132150000,1.0207373146375804
574,chr5,132150000,133050000,1.9338335837015004
575,chr5,133050000,134050000,1.4659370593388426
576,chr5,134050000,134850000,2.284036394980307
577,chr5,134850000,136350000,1.2978190304669759
578,chr5,136350000,137650000,0.8371157504287492
579,chr5,137650000,140750000,1.3470103113587812
580,chr5,140750000,142850000,1.5938853911831208
581,chr5,142850000,144250000,1.4100198281093483
582,chr5,144250000,146550000,0.8795135390530255
583,chr5,146550000,147750000,0.8304175935500103
584,chr5,147750000,149250000,0.9287839422718106
585,chr5,149250000,152350000,0.9209631970356277
586,chr5,152350000,153950000,1.0293003261154239
587,chr5,153950000,155050000,1.2004476736118916
588,chr5,155050000,157150000,0.7634024323065866
589,chr5,157150000,157850000,1.6439204096935824
590,chr5,157850000,159250000,1.6881015008573896
591,chr5,159250000,160450000,1.2037362937264904
592,chr5,160450000,163450000,0.6886124792613987
593,chr5,163450000,168250000,0.7465983590502914
594,chr5,168250000,169550000,1.2843664002162798
595,chr5,169550000,170650000,1.2228502581724658
596,chr5,170650000,171350000,1.5392875350231634
597,chr5,171350000,174150000,1.3646431678091506
598,chr5,174150000,179650000,1.286409260719239
599,chr6,550000,1550000,1.6637569612375687
600,chr6,1550000,3050000,1.6849727228298583
601,chr6,3050000,4150000,2.2775786664233717
602,chr6,4150000,5250000,1.5823849774972816
603,chr6,5250000,6650000,1.0577150267982087
604,chr6,6650000,8250000,1.3822473596878158
605,chr6,8250000,10950000,0.8505086841075352
606,chr6,10950000,11550000,1.5111754134772795
607,chr6,11550000,12750000,1.030556611906051
608,chr6,12750000,15650000,1.0841370250951576
609,chr6,15650000,16250000,1.8119244243148012
610,chr6,16250000,17050000,1.5898161726126023
611,chr6,17050000,18550000,1.1585649058587622
612,chr6,18550000,20150000,1.0723595565230883
613,chr6,20150000,21550000,1.030302409605927
614,chr6,21550000,24350000,1.1063209968708636
615,chr6,24350000,25950000,0.7620914841016134
616,chr6,25950000,27950000,0.6436794012980804
617,chr6,27950000,29550000,0.9193066332059258
618,chr6,29550000,30350000,1.8114422202061367
619,chr6,30350000,33150000,3.807540999262694
620,chr6,33150000,38750000,1.7031623158564244
621,chr6,38750000,41250000,0.8302449911704891
622,chr6,41250000,44350000,2.4900568318989658
623,chr6,44350000,45950000,1.2035619752683342
624,chr6,45950000,47550000,0.928484040128613
625,chr6,47550000,49550000,0.7250897773269575
626,chr6,49550000,50650000,0.7216322703598982
627,chr6,50650000,52150000,0.834690363812748
628,chr6,52150000,55350000,1.0313834721266557
629,chr6,55350000,57450000,1.3890181415714347
630,chr6,57450000,63850000,0.6927494059765399
631,chr6,63850000,70250000,0.644069784386081
632,chr6,70250000,72150000,0.9674569286626085
633,chr6,72150000,73350000,0.9543854510787745
634,chr6,73350000,75950000,1.0371346958713437
635,chr6,75950000,77650000,0.7604826847972697
636,chr6,77650000,78850000,0.9866132382342818
637,chr6,78850000,80050000,1.030554923188413
638,chr6,80050000,82250000,0.8758477327590245
639,chr6,82250000,83650000,0.8797850659067589
640,chr6,83650000,85750000,1.214180313555346
641,chr6,85750000,87050000,0.8902994379993467
642,chr6,87050000,88950000,1.0052015216107377
643,chr6,88950000,89750000,0.973995451747577
644,chr6,89750000,90650000,1.3871310039587004
645,chr6,90650000,93250000,0.6920091447317708
646,chr6,93250000,95350000,0.5995552483340026
647,chr6,95350000,96450000,0.8044928240781563
648,chr6,96450000,97450000,0.7459905674358045
649,chr6,97450000,99250000,0.927300221570056
650,chr6,99250000,100850000,0.5904596965635313
651,chr6,100850000,104550000,0.5954034621319003
652,chr6,104550000,107050000,1.1518275559582456
653,chr6,107050000,107950000,1.2056693005375656
654,chr6,107950000,109450000,1.7745929999220467
655,chr6,109450000,110450000,1.1793506035088772
656,chr6,110450000,111150000,1.4856915116207787
657,chr6,111150000,112250000,1.7302713447511977
658,chr6,112250000,114050000,1.3131819649031573
659,chr6,114050000,116050000,0.8735384727243688
660,chr6,116050000,116850000,1.3683486110061585
661,chr6,116850000,118950000,0.8483160881619792
662,chr6,118950000,121350000,0.8746952454537237
663,chr6,121350000,122450000,0.9760969113469137
664,chr6,122450000,124850000,0.6201366102627488
665,chr6,124850000,126050000,1.4342393613673483
666,chr6,126050000,127250000,0.6997166169729532
667,chr6,127250000,128650000,1.3865646972545358
668,chr6,128650000,130150000,0.736654535616989
669,chr6,130150000,131650000,1.0022897112426832
670,chr6,131650000,132450000,1.6863382970134981
671,chr6,132450000,134050000,1.1200374622611273
672,chr6,134050000,135050000,1.761638099799112
673,chr6,135050000,136450000,1.4881713389745375
674,chr6,136450000,138750000,0.7579129918583489
675,chr6,138750000,141650000,1.099006664347262
676,chr6,141650000,143450000,0.7590670458674892
677,chr6,143450000,145850000,1.0030495930830008
678,chr6,145850000,146750000,1.0065960944407941
679,chr6,146750000,147450000,1.5936426101839938
680,chr6,147450000,148450000,1.4466574201559874
681,chr6,148450000,149950000,2.4309900535844156
682,chr6,149950000,150850000,1.3529490959452366
683,chr6,150850000,151450000,2.365798765828753
684,chr6,151450000,152450000,1.4387152163056678
685,chr6,152450000,154050000,1.0155870780142358
686,chr6,154050000,155450000,1.1972387962316489
687,chr6,155450000,157250000,1.2970173174985271
688,chr6,157250000,159050000,0.9105856282556033
689,chr6,159050000,159750000,1.5724475217889127
690,chr6,159750000,160650000,1.508328261143804
691,chr6,160650000,165150000,0.9442957364514225
692,chr6,165150000,166250000,1.4140498861525266
693,chr6,166250000,167050000,1.4235517922916496
694,chr6,167050000,168950000,1.2346249378777614
695,chr6,168950000,169750000,1.5203016872075164
696,chr7,4650000,8350000,0.6929926940615986
697,chr7,8350000,11350000,0.7044484788310035
698,chr7,11350000,12450000,0.8513966721994333
699,chr7,12450000,13250000,1.460972019743479
700,chr7,13250000,14650000,0.7933445480944838
701,chr7,14650000,16650000,1.33623092910071
702,chr7,16650000,17750000,1.3210922485071792
703,chr7,17750000,19750000,1.2167922595248564
704,chr7,19750000,20550000,1.2149557754705989
705,chr7,20550000,22050000,0.8952461879194334
706,chr7,22050000,23750000,1.2310258591824887
707,chr7,23750000,25150000,1.0886267217848202
708,chr7,25150000,27150000,1.1215357460429445
709,chr7,27150000,28150000,0.8270671263311868
710,chr7,28150000,32450000,1.3799709629863683
711,chr7,32450000,33150000,1.3544522660479867
712,chr7,33150000,34250000,0.9938479635604844
713,chr7,34250000,36450000,0.9842209561489609
714,chr7,36450000,37850000,1.069771067726253
715,chr7,37850000,39550000,0.7639137020326204
716,chr7,39550000,41850000,1.0497340124845271
717,chr7,41850000,42850000,1.3384483346381189
718,chr7,42850000,45250000,1.142500772512793
719,chr7,45250000,45750000,1.1015781373488354
720,chr7,45750000,47150000,1.1244978089411664
721,chr7,47150000,48350000,1.661552134218508
722,chr7,48350000,50050000,0.7078559618867004
723,chr7,50050000,51250000,1.2743196533633387
724,chr7,51250000,54650000,0.7202299955185153
725,chr7,54650000,56350000,0.8521664259648936
726,chr7,56350000,67350000,0.4489671559001329
727,chr7,67350000,70750000,0.8833597701152972
728,chr7,70750000,71650000,1.0183864069040716
729,chr7,71650000,72550000,1.1125268956467982
730,chr7,72550000,78050000,
731,chr7,78050000,79150000,1.004568634593323
732,chr7,79150000,81450000,1.2848021731640065
733,chr7,81450000,82750000,0.9379969728483513
734,chr7,82750000,83950000,0.6108512368453597
735,chr7,83950000,85050000,0.9287902089943808
736,chr7,85050000,85850000,0.7788317855264862
737,chr7,85850000,88250000,0.7195859627462204
738,chr7,88250000,90150000,0.7985673242036936
739,chr7,90150000,91850000,0.7672672604806055
740,chr7,91850000,93150000,0.6339836786215902
741,chr7,93150000,95850000,0.9339412810949645
742,chr7,95850000,97150000,0.9376486716237418
743,chr7,97150000,97950000,1.1180097119219015
744,chr7,97950000,98850000,1.0558470574236707
745,chr7,98850000,99450000,1.9925681591878914
746,chr7,99450000,103350000,
747,chr7,103350000,104150000,1.153892068528229
748,chr7,104150000,104850000,1.2479680512434996
749,chr7,104850000,105550000,1.8670102674193483
750,chr7,105550000,108650000,1.0183716535016814
751,chr7,108650000,109750000,0.8306266264158931
752,chr7,109750000,111750000,0.8713862823543028
753,chr7,111750000,113750000,1.2862746627263448
754,chr7,113750000,116050000,1.0632126113998528
755,chr7,116050000,117250000,1.3283054328703645
756,chr7,117250000,118250000,0.736736688558212
757,chr7,118250000,119250000,0.8379353542951101
758,chr7,119250000,120650000,0.7944499247646369
759,chr7,120650000,122050000,1.252062899519484
760,chr7,122050000,123350000,0.8633368708970887
761,chr7,123350000,124850000,0.7821971258426245
762,chr7,124850000,127550000,0.8655100070745482
763,chr7,127550000,128350000,1.8835179583487243
764,chr7,128350000,130050000,1.525438773273552
765,chr7,130050000,130850000,2.053694572454875
766,chr7,130850000,131650000,2.2412403622141874
767,chr7,131650000,132650000,1.5865900359056913
768,chr7,132650000,134550000,1.3141547458564382
769,chr7,134550000,136050000,1.180844334492355
770,chr7,136050000,138150000,1.046079622785897
771,chr7,138150000,139250000,0.7756964185889479
772,chr7,139250000,140550000,1.4361227980615787
773,chr7,140550000,142250000,1.1995587773022918
774,chr7,142250000,146050000,1.1193562719114794
775,chr7,146050000,148250000,0.7560281943104465
776,chr7,148250000,149150000,1.8063887282406441
777,chr7,149150000,150950000,1.4339217775794832
778,chr7,150950000,152850000,1.3666243461916523
779,chr7,152850000,154850000,0.9622725391733381
780,chr7,154850000,155750000,1.363920452863897
781,chr7,155750000,156850000,1.5003077056966057
782,chr7,156850000,158550000,1.702057561430637
783,chr8,1650000,4950000,0.8696113189410432
784,chr8,4950000,6250000,0.9699127348586135
785,chr8,6250000,9050000,
786,chr8,9050000,9850000,0.9084884531729774
787,chr8,9850000,12950000,1.1321802396558769
788,chr8,12950000,13750000,2.447757100771906
789,chr8,13750000,18050000,0.7749506035042614
790,chr8,18050000,18750000,1.3515481981421924
791,chr8,18750000,20250000,1.8473069923468568
792,chr8,20250000,25050000,1.7506349588260783
793,chr8,25050000,26650000,1.6921233526912653
794,chr8,26650000,28550000,1.2722906497081112
795,chr8,28550000,30050000,1.1899772492108684
796,chr8,30050000,31250000,0.8331051445504313
797,chr8,31250000,33550000,0.9425800708299475
798,chr8,33550000,36750000,0.7784588989011288
799,chr8,36750000,37750000,1.2829489475264448
800,chr8,37750000,39850000,1.2311164796640102
801,chr8,39850000,40950000,1.081035121966803
802,chr8,40950000,41650000,1.4893081270689903
803,chr8,41650000,43150000,1.7500378628591218
804,chr8,43150000,47150000,
805,chr8,47150000,47850000,2.347726544552531
806,chr8,47850000,49050000,1.5867841412263786
807,chr8,49050000,52550000,0.7440128736236152
808,chr8,52550000,54650000,0.9974463380520309
809,chr8,54650000,56250000,0.9770365336406872
810,chr8,56250000,57450000,0.6846366781491184
811,chr8,57450000,58550000,1.1984694170368606
812,chr8,58550000,60250000,0.9442593565422804
813,chr8,60250000,61550000,1.3925666724947925
814,chr8,61550000,63250000,1.081933545174664
815,chr8,63250000,64350000,0.7035858273110841
816,chr8,64350000,65650000,0.6774398839774539
817,chr8,65650000,67550000,1.2124279640388633
818,chr8,67550000,68450000,0.6283577315432294
819,chr8,68450000,69850000,1.026349599821352
820,chr8,69850000,70750000,1.4938204294323099
821,chr8,70750000,72250000,0.8835477116726381
822,chr8,72250000,73050000,1.0067045982355542
823,chr8,73050000,75550000,0.8258794858603519
824,chr8,75550000,77550000,1.2794736116630234
825,chr8,77550000,78450000,0.8773986457455235
826,chr8,78450000,79550000,0.9658183369881191
827,chr8,79550000,81750000,0.9658597944221995
828,chr8,81750000,84550000,0.6763441448578869
829,chr8,84550000,86550000,0.78264908933285
830,chr8,86550000,87550000,0.8330563448281157
831,chr8,87550000,88450000,1.3951748284684342
832,chr8,88450000,89650000,0.9111143135907565
833,chr8,89650000,91350000,0.6299023938614102
834,chr8,91350000,93650000,1.1630161871577798
835,chr8,93650000,94650000,1.9103631023173755
836,chr8,94650000,96250000,1.3086394491647042
837,chr8,96250000,98150000,1.585002366576716
838,chr8,98150000,100050000,1.3808931221396517
839,chr8,100050000,101350000,1.3651701652420023
840,chr8,101350000,102150000,1.0619114692131466
841,chr8,102150000,103650000,0.8138267181544591
842,chr8,103650000,105750000,0.7746314184969402
843,chr8,105750000,106750000,1.2320498367191943
844,chr8,106750000,107850000,1.5428155488368027
845,chr8,107850000,108750000,0.9181232523247272
846,chr8,108750000,110750000,0.6788606524081384
847,chr8,110750000,111950000,0.5438003184272823
848,chr8,111950000,114150000,0.8433288315676256
849,chr8,114150000,117350000,0.6920738333702842
850,chr8,117350000,119250000,1.1036207940852396
851,chr8,119250000,122550000,0.907255094161754
852,chr8,122550000,123350000,2.199133885148708
853,chr8,123350000,124450000,1.4695295697663264
854,chr8,124450000,125050000,2.085147050059581
855,chr8,125050000,125750000,1.785192656343354
856,chr8,125750000,126750000,0.9050144331879485
857,chr8,126750000,127650000,1.2273953763922336
858,chr8,127650000,129750000,1.3020144999441146
859,chr8,129750000,130750000,1.74999107714656
860,chr8,130750000,132750000,0.9185904464298895
861,chr8,132750000,133550000,1.6848838747754051
862,chr8,133550000,135350000,1.0987690544237578
863,chr8,135350000,138050000,0.8204037676113295
864,chr8,138050000,140450000,1.2158851796738874
865,chr8,140450000,141450000,3.153285400245366
866,chr9,950000,2050000,1.0452287859701637
867,chr9,2050000,2950000,1.2509183631502432
868,chr9,2950000,4550000,0.8017343052136368
869,chr9,4550000,5750000,0.9186651259359419
870,chr9,5750000,6850000,0.7313338382611713
871,chr9,6850000,9950000,0.8357432732595159
872,chr9,9950000,12550000,0.5818901367851131
873,chr9,12550000,15050000,1.3663580604030934
874,chr9,15050000,17550000,2.4013024233725297
875,chr9,17550000,19550000,1.4058802602811369
876,chr9,19550000,21150000,0.7219565306612475
877,chr9,21150000,22350000,0.6869818775767085
878,chr9,22350000,26650000,0.6338654031113736
879,chr9,26650000,32150000,0.5816656661360856
880,chr9,32150000,33050000,0.7083376520813652
881,chr9,33050000,34750000,1.8245007590662394
882,chr9,34750000,35650000,1.6865539359070603
883,chr9,35650000,36550000,1.5809663710034367
884,chr9,36550000,37450000,1.6506948653281832
885,chr9,37450000,38450000,1.5256370689301402
886,chr9,38450000,69250000,
887,chr9,69250000,70650000,1.033942358003693
888,chr9,70650000,72150000,0.6988652958588385
889,chr9,72150000,73350000,0.9525723563717362
890,chr9,73350000,74750000,0.7928645120953272
891,chr9,74750000,77250000,1.143114866672957
892,chr9,77250000,78350000,1.0976513415700238
893,chr9,78350000,83050000,0.8443208523876514
894,chr9,83050000,84350000,0.74655982241744
895,chr9,84350000,86350000,0.8896392763117745
896,chr9,86350000,87450000,1.1911663285438912
897,chr9,87450000,89350000,0.9759294396766857
898,chr9,89350000,90150000,1.4572138065684657
899,chr9,90150000,90850000,1.1900444378258672
900,chr9,90850000,92050000,0.9881820000697772
901,chr9,92050000,92850000,1.7515116520733056
902,chr9,92850000,94550000,1.1686346201340243
903,chr9,94550000,95250000,1.7588756110693267
904,chr9,95250000,96750000,1.5326936199269419
905,chr9,96750000,97650000,1.0105944633574717
906,chr9,97650000,98850000,1.2925672358754046
907,chr9,98850000,100650000,0.8419410591702183
908,chr9,100650000,101650000,0.8256779011438687
909,chr9,101650000,104750000,0.6623336829849616
910,chr9,104750000,105750000,1.2423388553436598
911,chr9,105750000,107350000,0.9664447562854734
912,chr9,107350000,108850000,1.174388369844478
913,chr9,108850000,111550000,0.9991360365988632
914,chr9,111550000,113150000,1.013662474443404
915,chr9,113150000,114350000,1.2094367373217962
916,chr9,114350000,115550000,1.0334278353603483
917,chr9,115550000,116750000,1.0984932603732542
918,chr9,116750000,117550000,0.8915348265417847
919,chr9,117550000,120550000,0.779700926775261
920,chr9,120550000,122850000,2.4121670664618136
921,chr9,122850000,124450000,1.240681957262452
922,chr9,124450000,125350000,1.5551550303315398
923,chr9,125350000,126850000,1.1871154380814213
924,chr9,126850000,129850000,
925,chr9,129850000,131650000,1.9872193445175421
926,chr9,131650000,132350000,2.111369384222523
927,chr10,1150000,3050000,0.8496931321659242
928,chr10,3050000,4850000,1.7779878217905154
929,chr10,4850000,5950000,0.8174314197997177
930,chr10,5950000,7650000,1.1226837084867298
931,chr10,7650000,9350000,0.8858395406367636
932,chr10,9350000,12150000,0.9197535297087995
933,chr10,12150000,13250000,1.340079199045059
934,chr10,13250000,15250000,1.368524745135888
935,chr10,15250000,15950000,1.3887947024253127
936,chr10,15950000,16750000,0.839360598501258
937,chr10,16750000,18750000,0.870071881234073
938,chr10,18750000,20850000,0.7075451459919266
939,chr10,20850000,22050000,1.1600718465500393
940,chr10,22050000,23150000,1.0279715349004155
941,chr10,23150000,24450000,0.8447708095744616
942,chr10,24450000,25150000,1.8604538751741508
943,chr10,25150000,26550000,0.699808930239865
944,chr10,26550000,28550000,0.8843726113795451
945,chr10,28550000,29450000,1.549751746904759
946,chr10,29450000,30650000,1.9127204423174062
947,chr10,30650000,33050000,1.0717453893699584
948,chr10,33050000,35650000,1.5966792298343109
949,chr10,35650000,36950000,0.9790444500879868
950,chr10,36950000,43550000,
951,chr10,43550000,44950000,1.5960634050809899
952,chr10,44950000,50150000,
953,chr10,50150000,50950000,1.132850666638067
954,chr10,50950000,52750000,0.8777564418250282
955,chr10,52750000,55750000,0.6331103052072381
956,chr10,55750000,58250000,0.617726224360418
957,chr10,58250000,60150000,0.8500992164680916
958,chr10,60150000,60750000,1.2576143827647623
959,chr10,60750000,62350000,1.1746031568019513
960,chr10,62350000,63150000,1.2518799507923375
961,chr10,63150000,63950000,2.1042921010716023
962,chr10,63950000,66250000,0.7381343663058496
963,chr10,66250000,67750000,0.5856878017937946
964,chr10,67750000,69050000,0.7808655663385489
965,chr10,69050000,70350000,1.9677776783392584
966,chr10,70350000,72250000,1.6782234102370477
967,chr10,72250000,73750000,1.0882653598916576
968,chr10,73750000,75350000,1.960925316009804
969,chr10,75350000,77050000,1.1600164527749837
970,chr10,77050000,78050000,1.9380157501600148
971,chr10,78050000,79450000,1.6567385710806812
972,chr10,79450000,80450000,1.059977596535761
973,chr10,80450000,84050000,0.7586066695615296
974,chr10,84050000,86450000,0.7945647287488288
975,chr10,86450000,89750000,1.8367066803934204
976,chr10,89750000,90750000,1.0323026187298676
977,chr10,90750000,93650000,1.7518620767092183
978,chr10,93650000,94550000,1.6646935705894836
979,chr10,94550000,98550000,1.2296043078806334
980,chr10,98550000,99650000,0.7921407038269687
981,chr10,99650000,100950000,0.996166177019744
982,chr10,100950000,101850000,1.5048028060244938
983,chr10,101850000,104450000,1.7900940549625293
984,chr10,104450000,109750000,0.738347930938328
985,chr10,109750000,112350000,0.6561362729673471
986,chr10,112350000,113650000,1.3932785635286706
987,chr10,113650000,115050000,1.174761544392662
988,chr10,115050000,116550000,0.9484831225933865
989,chr10,116550000,117350000,1.470005674012218
990,chr10,117350000,118450000,1.1883514263861115
991,chr10,118450000,119050000,1.1515968729919426
992,chr10,119050000,119950000,1.263285573276683
993,chr10,119950000,120850000,1.033947080614419
994,chr10,120850000,121850000,1.1834603806804334
995,chr10,121850000,123850000,1.067012048871825
996,chr10,123850000,124450000,1.985677211503693
997,chr10,124450000,125850000,1.2257202396489342
998,chr10,125850000,128250000,1.0054734174326239
999,chr10,128250000,130150000,1.1399725009278787
1000,chr10,130150000,131850000,1.0814141402966984
1001,chr11,4150000,6150000,0.8501525023451652
1002,chr11,6150000,7950000,1.0949953936699537
1003,chr11,7950000,10850000,1.6033453170278535
1004,chr11,10850000,11750000,1.6194642341306107
1005,chr11,11750000,13450000,2.349367244590599
1006,chr11,13450000,16750000,0.7391746726616759
1007,chr11,16750000,18950000,1.423443789837193
1008,chr11,18950000,20650000,1.2160451702949417
1009,chr11,20650000,22850000,0.7379205751522214
1010,chr11,22850000,24450000,0.7277209625887746
1011,chr11,24450000,27650000,0.8109214444080283
1012,chr11,27650000,29450000,0.9361891084990908
1013,chr11,29450000,30250000,0.8249310321386488
1014,chr11,30250000,31250000,0.8858466484166159
1015,chr11,31250000,32850000,0.9221282962704861
1016,chr11,32850000,34850000,1.0359792235637768
1017,chr11,34850000,35450000,2.153010247158575
1018,chr11,35450000,36750000,1.220395752126665
1019,chr11,36750000,38850000,0.718921496608461
1020,chr11,38850000,41550000,0.4754351361209899
1021,chr11,41550000,43350000,0.5117182369841167
1022,chr11,43350000,45850000,1.4875055915270181
1023,chr11,45850000,48250000,2.450190356038499
1024,chr11,48250000,57750000,
1025,chr11,57750000,58550000,0.963638385801762
1026,chr11,58550000,60750000,0.8095845245139488
1027,chr11,60750000,62950000,1.6038509397720844
1028,chr11,62950000,70250000,3.3956746479242463
1029,chr11,70250000,72750000,0.6244877498442484
1030,chr11,72750000,75650000,1.506483420085969
1031,chr11,75650000,78550000,1.2482407021153168
1032,chr11,78550000,81450000,0.92338963454694
1033,chr11,81450000,82650000,0.9524466998106432
1034,chr11,82650000,84650000,0.8438534073447373
1035,chr11,84650000,85650000,0.8788957078723918
1036,chr11,85650000,87450000,1.5761347695216799
1037,chr11,87450000,88650000,0.7682048757164552
1038,chr11,88650000,90450000,1.1472405876070966
1039,chr11,90450000,93750000,0.7475133418735768
1040,chr11,93750000,94450000,1.2309318442864827
1041,chr11,94450000,95750000,0.8297387114145769
1042,chr11,95750000,96450000,2.0789082451384657
1043,chr11,96450000,97450000,0.8531397778815956
1044,chr11,97450000,99050000,0.6962237561024507
1045,chr11,99050000,99750000,0.8746579352354654
1046,chr11,99750000,101350000,0.46285470090169495
1047,chr11,101350000,103050000,1.029843143309516
1048,chr11,103050000,105950000,0.6973460158977648
1049,chr11,105950000,107950000,1.0921687816909418
1050,chr11,107950000,108750000,1.0356509498124837
1051,chr11,108750000,109850000,1.1063326093477182
1052,chr11,109850000,112150000,1.4913686013209475
1053,chr11,112150000,113850000,1.071786560472218
1054,chr11,113850000,114550000,0.9796340076279436
1055,chr11,114550000,116750000,1.057311991373141
1056,chr11,116750000,117350000,1.8979726919505875
1057,chr11,117350000,118450000,1.3933260287879499
1058,chr11,118450000,120250000,0.9978471874955458
1059,chr11,120250000,121250000,1.9158898134468536
1060,chr11,121250000,122550000,1.686274599318545
1061,chr11,122550000,123850000,1.1721917175148755
1062,chr11,123850000,125550000,0.9351392846986523
1063,chr11,125550000,128050000,1.3822595072260846
1064,chr11,128050000,128950000,1.6723358960401036
1065,chr11,128950000,129850000,1.019530064910368
1066,chr11,129850000,130950000,1.1377267682417658
1067,chr11,130950000,131650000,1.4998757017399118
1068,chr11,131650000,133050000,0.7778063892179029
1069,chr11,133050000,133850000,1.106035043335629
1070,chr12,450000,1750000,1.5892054693885866
1071,chr12,1750000,2750000,1.536818604162822
1072,chr12,2750000,4750000,0.9708143979353504
1073,chr12,4750000,5950000,1.2452333179571948
1074,chr12,5950000,7050000,1.6871150086884017
1075,chr12,7050000,8350000,0.7812396442805785
1076,chr12,8350000,9550000,0.967916067257106
1077,chr12,9550000,11550000,1.1100622851272117
1078,chr12,11550000,13350000,1.351107973597812
1079,chr12,13350000,14150000,1.1604734000123889
1080,chr12,14150000,16050000,0.9834620744905958
1081,chr12,16050000,18050000,0.837267383204387
1082,chr12,18050000,19350000,0.892567451325089
1083,chr12,19350000,22750000,1.0158919100033927
1084,chr12,22750000,24850000,0.8949962172374747
1085,chr12,24850000,26050000,0.8463063424954695
1086,chr12,26050000,26850000,1.4418689621075773
1087,chr12,26850000,27750000,0.9885694154147058
1088,chr12,27750000,29450000,1.252586511102965
1089,chr12,29450000,30650000,1.265853159807209
1090,chr12,30650000,31350000,1.3670765237213847
1091,chr12,31350000,32850000,1.1183948121674554
1092,chr12,32850000,34050000,0.8521674678926271
1093,chr12,34050000,38250000,
1094,chr12,38250000,39150000,0.7428666394426507
1095,chr12,39150000,40350000,0.7152664584681814
1096,chr12,40350000,42050000,0.7271748229060776
1097,chr12,42050000,43350000,1.089744913134794
1098,chr12,43350000,44050000,0.8245005451329478
1099,chr12,44050000,45050000,0.8101193856493606
1100,chr12,45050000,46050000,1.0472227146472188
1101,chr12,46050000,48750000,1.0671864406234153
1102,chr12,48750000,51950000,1.4365769936585349
1103,chr12,51950000,52950000,1.5753031632943983
1104,chr12,52950000,53750000,1.9179732725689551
1105,chr12,53750000,54550000,1.262346979952407
1106,chr12,54550000,55650000,0.6258598193463712
1107,chr12,55650000,57850000,1.236718817017907
1108,chr12,57850000,59250000,1.0681257471222352
1109,chr12,59250000,59950000,1.0956478175976831
1110,chr12,59950000,62250000,0.8142173969894636
1111,chr12,62250000,64650000,0.9852001975028308
1112,chr12,64650000,66250000,1.27257334710095
1113,chr12,66250000,67050000,0.8273261478348535
1114,chr12,67050000,68050000,1.1575573573759017
1115,chr12,68050000,68750000,1.4183011538899464
1116,chr12,68750000,69750000,0.73318773215999
1117,chr12,69750000,71950000,0.7565105544760403
1118,chr12,71950000,74550000,0.8431811979391539
1119,chr12,74550000,75350000,0.894368823572143
1120,chr12,75350000,77050000,1.2584411896220478
1121,chr12,77050000,77850000,0.9459493940834767
1122,chr12,77850000,79350000,0.8064253700285372
1123,chr12,79350000,81350000,0.6868772777945877
1124,chr12,81350000,82450000,0.9059431068217014
1125,chr12,82450000,84750000,0.644199751213404
1126,chr12,84750000,85950000,0.7783732021394599
1127,chr12,85950000,88050000,0.7479077936139277
1128,chr12,88050000,90850000,0.7675702696689797
1129,chr12,90850000,92750000,1.1023801387216696
1130,chr12,92750000,93450000,2.336684677634589
1131,chr12,93450000,95750000,1.0222376196450311
1132,chr12,95750000,96650000,1.7287362792179117
1133,chr12,96650000,98350000,0.9189723013690497
1134,chr12,98350000,99950000,0.7450995135678385
1135,chr12,99950000,101350000,0.7175035822236175
1136,chr12,101350000,102850000,0.7213241501524159
1137,chr12,102850000,103650000,0.8596062277749187
1138,chr12,103650000,105250000,1.3671389715146993
1139,chr12,105250000,106250000,1.5061154434905297
1140,chr12,106250000,107050000,1.531887395182545
1141,chr12,107050000,107750000,1.4957930524806269
1142,chr12,107750000,108550000,1.2466633060941177
1143,chr12,108550000,111350000,0.7179549436287213
1144,chr12,111350000,112450000,1.2182410998970374
1145,chr12,112450000,114550000,1.1495719873618926
1146,chr12,114550000,115850000,1.2911872263722461
1147,chr12,115850000,117150000,1.762219671626984
1148,chr12,117150000,117950000,1.5355535804574458
1149,chr12,117950000,120050000,0.9674637091606869
1150,chr12,120050000,121350000,1.97114849072715
1151,chr12,121350000,123550000,2.1451961642639157
1152,chr12,123550000,125250000,2.279640267938332
1153,chr12,125250000,128150000,1.0249230687174988
1154,chr12,128150000,129950000,1.0841321472129193
1155,chr13,19550000,21650000,1.9690105892598435
1156,chr13,21650000,23250000,1.0002423218284286
1157,chr13,23250000,24450000,1.020603086526436
1158,chr13,24450000,25250000,1.060499632939608
1159,chr13,25250000,26150000,1.3689896191558606
1160,chr13,26150000,26850000,1.2000198642519957
1161,chr13,26850000,28050000,0.8417532698758777
1162,chr13,28050000,29350000,0.7792014118060343
1163,chr13,29350000,31150000,1.3926553529091164
1164,chr13,31150000,31850000,1.4158354534047348
1165,chr13,31850000,33850000,1.8115738501374956
1166,chr13,33850000,35150000,1.1157048229666435
1167,chr13,35150000,35850000,0.9991973517815764
1168,chr13,35850000,36950000,0.871712352256973
1169,chr13,36950000,38950000,0.9535896209455097
1170,chr13,38950000,39750000,1.7061345763819287
1171,chr13,39750000,40950000,1.7498944148717144
1172,chr13,40950000,42250000,1.5099778583357182
1173,chr13,42250000,43850000,1.410014332950268
1174,chr13,43850000,45550000,2.368049314443889
1175,chr13,45550000,46850000,1.0213795835653496
1176,chr13,46850000,47950000,1.3356520165874493
1177,chr13,47950000,51150000,1.1856215412482376
1178,chr13,51150000,57450000,0.7115074859522071
1179,chr13,57450000,60450000,0.8296551535952511
1180,chr13,60450000,62050000,0.8225037794894631
1181,chr13,62050000,64550000,0.9328712164063555
1182,chr13,64550000,65650000,0.8366185882150711
1183,chr13,65650000,67250000,0.9471735810798059
1184,chr13,67250000,70650000,0.5503887576094505
1185,chr13,70650000,72750000,0.973283579720389
1186,chr13,72750000,73650000,0.9172468822191903
1187,chr13,73650000,75250000,1.094301465201269
1188,chr13,75250000,77650000,1.2741030583490454
1189,chr13,77650000,79350000,0.8549367430505436
1190,chr13,79350000,81050000,0.9320184082292186
1191,chr13,81050000,84850000,0.7079533738108266
1192,chr13,84850000,85950000,1.0952162718429517
1193,chr13,85950000,87350000,0.7993711561454524
1194,chr13,87350000,91150000,0.7759489421945739
1195,chr13,91150000,91950000,1.5164309728199052
1196,chr13,91950000,94450000,0.8597048859482893
1197,chr13,94450000,96050000,1.1488370513662547
1198,chr13,96050000,96950000,1.3817616688698233
1199,chr13,96950000,97850000,0.880250766836436
1200,chr13,97850000,98950000,2.0801777915529787
1201,chr13,98950000,100650000,1.4606501165708696
1202,chr13,100650000,101850000,1.1338568839592895
1203,chr13,101850000,102950000,0.8219886256141763
1204,chr13,102950000,106550000,0.8354422970696459
1205,chr13,106550000,107150000,1.2497427219673998
1206,chr13,107150000,108250000,0.9186070947760244
1207,chr13,108250000,110250000,1.386139748774107
1208,chr13,110250000,111450000,1.9148688354843768
1209,chr13,111450000,112550000,1.879975196909058
1210,chr14,20150000,20950000,1.5039135525307064
1211,chr14,20950000,21650000,1.2563338077178843
1212,chr14,21650000,23250000,1.3767311663702015
1213,chr14,23250000,24650000,0.9906277154750521
1214,chr14,24650000,25250000,1.3895165674668828
1215,chr14,25250000,28750000,0.6908764807567791
1216,chr14,28750000,29450000,0.9192235920382288
1217,chr14,29450000,30550000,0.7793886838281924
1218,chr14,30550000,31450000,1.2440989418098016
1219,chr14,31450000,34450000,1.0041483512596427
1220,chr14,34450000,35850000,1.3514844755137787
1221,chr14,35850000,37150000,0.7870503172983966
1222,chr14,37150000,39550000,0.9328607839246851
1223,chr14,39550000,41650000,0.6408497084631474
1224,chr14,41650000,44850000,0.5603836892001512
1225,chr14,44850000,45350000,0.7710459466673591
1226,chr14,45350000,47750000,0.5917590797770408
1227,chr14,47750000,49550000,0.7701676714212723
1228,chr14,49550000,51050000,1.8020503830132408
1229,chr14,51050000,53250000,1.3686347845714921
1230,chr14,53250000,54450000,1.1874724247473163
1231,chr14,54450000,55150000,0.9974021609071068
1232,chr14,55150000,56550000,1.0146370523382955
1233,chr14,56550000,57250000,1.069865955087835
1234,chr14,57250000,58150000,1.123743506475128
1235,chr14,58150000,59650000,1.1086314048198724
1236,chr14,59650000,61350000,0.8544201050981116
1237,chr14,61350000,61950000,1.999992913263078
1238,chr14,61950000,63250000,0.9330621371863947
1239,chr14,63250000,65050000,1.4147594568141901
1240,chr14,65050000,66450000,0.9675925278006439
1241,chr14,66450000,67250000,1.0749635482756608
1242,chr14,67250000,69650000,2.681463363499405
1243,chr14,69650000,70950000,1.1187823502892018
1244,chr14,70950000,72450000,0.6189643534282124
1245,chr14,72450000,74150000,2.019245235310317
1246,chr14,74150000,76650000,1.7028277214126633
1247,chr14,76650000,77850000,0.9987998948070964
1248,chr14,77850000,78850000,0.9973347570287955
1249,chr14,78850000,80050000,1.172255072691687
1250,chr14,80050000,81550000,0.5920596332404164
1251,chr14,81550000,85650000,0.8592672414842935
1252,chr14,85650000,88550000,0.6688190244200928
1253,chr14,88550000,89950000,1.6100148009798214
1254,chr14,89950000,92050000,1.5904856184789498
1255,chr14,92050000,92850000,1.6896442283447382
1256,chr14,92850000,96850000,1.3445309898165043
1257,chr14,96850000,101650000,0.6728195548229651
1258,chr14,101650000,103450000,2.001268694142055
1259,chr15,23950000,26850000,0.7598419256618412
1260,chr15,26850000,27950000,1.0433767331525792
1261,chr15,27950000,29550000,
1262,chr15,29550000,31650000,0.9120152750289914
1263,chr15,31650000,33150000,
1264,chr15,33150000,35050000,0.8312501416082155
1265,chr15,35050000,37850000,0.7836076826617466
1266,chr15,37850000,39850000,1.0067622986684148
1267,chr15,39850000,41350000,1.077952919835714
1268,chr15,41350000,43650000,1.1403656783961187
1269,chr15,43650000,45750000,0.7134864694934682
1270,chr15,45750000,47150000,0.6064410657148268
1271,chr15,47150000,48250000,0.9985772352986273
1272,chr15,48250000,49350000,0.8325714129247862
1273,chr15,49350000,50250000,0.9629965745509418
1274,chr15,50250000,51750000,0.8373550158589481
1275,chr15,51750000,52750000,0.7754790208152892
1276,chr15,52750000,53850000,0.7162419066408444
1277,chr15,53850000,55150000,0.7671958932642107
1278,chr15,55150000,58150000,1.219778256036837
1279,chr15,58150000,59650000,0.8643051395837281
1280,chr15,59650000,60450000,1.0395937756536744
1281,chr15,60450000,61850000,0.8266501017372789
1282,chr15,61850000,64150000,1.3837505172832723
1283,chr15,64150000,65350000,1.5040116285794518
1284,chr15,65350000,66450000,1.050476036905436
1285,chr15,66450000,68150000,1.2492389785855766
1286,chr15,68150000,69450000,1.068227346931468
1287,chr15,69450000,70650000,1.6823395546843962
1288,chr15,70650000,72450000,1.4895318065337892
1289,chr15,72450000,73750000,0.8704787496730392
1290,chr15,73750000,75950000,1.4097026652737046
1291,chr15,75950000,76950000,1.1316638868706705
1292,chr15,76950000,77750000,2.130659819252011
1293,chr15,77750000,79250000,0.9199919214990772
1294,chr15,79250000,80350000,0.815052339411416
1295,chr15,80350000,81050000,1.376266725898615
1296,chr15,81050000,82450000,1.3537684343272434
1297,chr15,82450000,85250000,1.009051198721447
1298,chr15,85250000,85850000,1.5243829928074113
1299,chr15,85850000,88350000,0.6644324174648454
1300,chr15,88350000,89450000,0.8598876192952631
1301,chr15,89450000,90950000,1.3173941141509886
1302,chr15,90950000,92950000,0.8555183446513176
1303,chr15,92950000,94450000,0.9490049845150358
1304,chr15,94450000,96350000,1.361249481353368
1305,chr15,96350000,98450000,0.6907901091413433
1306,chr15,98450000,99150000,1.473419585646231
1307,chr15,99150000,99850000,1.6310083138836184
1308,chr16,3650000,5050000,0.9916567184572601
1309,chr16,5050000,8550000,0.7326338257942479
1310,chr16,8550000,9250000,0.898388528166616
1311,chr16,9250000,10850000,1.064102232890908
1312,chr16,10850000,12050000,1.5066008171940621
1313,chr16,12050000,13850000,0.6858040533352631
1314,chr16,13850000,20650000,1.28379614880257
1315,chr16,20650000,23550000,1.3787120397999109
1316,chr16,23550000,24450000,0.8418393706613504
1317,chr16,24450000,25350000,0.9730881542485562
1318,chr16,25350000,27550000,0.7560755943153877
1319,chr16,27550000,30950000,
1320,chr16,30950000,46750000,
1321,chr16,46750000,48750000,1.021530632795509
1322,chr16,48750000,49350000,1.2597241287884582
1323,chr16,49350000,50050000,1.4452267496246194
1324,chr16,50050000,50850000,1.1553339701673375
1325,chr16,50850000,52150000,1.1123972583631556
1326,chr16,52150000,53550000,0.5956512163690283
1327,chr16,53550000,56450000,0.8694941728954197
1328,chr16,56450000,58850000,1.1568757503852727
1329,chr16,58850000,61350000,0.7478068348975389
1330,chr16,61350000,62150000,0.8279314934114478
1331,chr16,62150000,63250000,0.6544784796200599
1332,chr16,63250000,65050000,0.831890849610112
1333,chr16,65050000,66350000,0.939715200366431
1334,chr16,66350000,68350000,1.4029366346770473
1335,chr16,68350000,69250000,1.2083452438412192
1336,chr16,69250000,72050000,1.9952922926967658
1337,chr16,72050000,74250000,1.0191483797758647
1338,chr16,74250000,75750000,1.161032030020878
1339,chr16,75750000,77150000,0.8177953247506139
1340,chr16,77150000,78050000,0.7080913682628793
1341,chr16,78050000,80450000,0.9962042760900024
1342,chr16,80450000,81850000,0.8069688549969252
1343,chr16,81850000,83850000,1.165473581848703
1344,chr16,83850000,85750000,2.3927044755501394
1345,chr16,85750000,86550000,1.3018301903675267
1346,chr16,86550000,87350000,2.124836149194426
1347,chr17,1150000,2550000,1.8532864027288982
1348,chr17,2550000,3650000,0.821623645693981
1349,chr17,3650000,5450000,1.2135105693634027
1350,chr17,5450000,7150000,0.8276861759483127
1351,chr17,7150000,8350000,1.0741437684016042
1352,chr17,8350000,9650000,0.9156780590265926
1353,chr17,9650000,10650000,0.9397118631539487
1354,chr17,10650000,11950000,1.0102603089550304
1355,chr17,11950000,13050000,1.1185862520865495
1356,chr17,13050000,15150000,0.6378258752166643
1357,chr17,15150000,20950000,1.4443006212551008
1358,chr17,20950000,28550000,
1359,chr17,28550000,30850000,1.3094727876498051
1360,chr17,30850000,32350000,1.6523785684799484
1361,chr17,32350000,34150000,1.0218277594688436
1362,chr17,34150000,35850000,0.7959090142059443
1363,chr17,35850000,37350000,0.7640749342197363
1364,chr17,37350000,38850000,
1365,chr17,38850000,39850000,1.5415927603194353
1366,chr17,39850000,41750000,0.974347915136538
1367,chr17,41750000,42650000,1.7882015621589151
1368,chr17,42650000,43250000,1.4518712313788589
1369,chr17,43250000,47850000,0.556018667013444
1370,chr17,47850000,49150000,1.169128965495708
1371,chr17,49150000,51250000,1.15760699095447
1372,chr17,51250000,54850000,0.583823904129701
1373,chr17,54850000,56950000,0.5476973170259455
1374,chr17,56950000,58350000,1.1355311572729483
1375,chr17,58350000,59150000,1.046119383012597
1376,chr17,59150000,60750000,1.0752799604365773
1377,chr17,60750000,62350000,0.7903539978720246
1378,chr17,62350000,63750000,0.9925710368324331
1379,chr17,63750000,64850000,1.2190391437859904
1380,chr17,64850000,66150000,1.2512466417148247
1381,chr17,66150000,67950000,0.8767923389916703
1382,chr17,67950000,69450000,0.9594043215471538
1383,chr17,69450000,70650000,0.6860408917070724
1384,chr17,70650000,72650000,0.8464963392237849
1385,chr17,72650000,73350000,1.2320257827755414
1386,chr17,73350000,74750000,0.8009702065048326
1387,chr17,74750000,77450000,2.1567215184907567
1388,chr17,77450000,78950000,1.292732027276309
1389,chr17,78950000,79650000,1.4826430493359597
1390,chr18,950000,2550000,0.9880370637914707
1391,chr18,2550000,4050000,1.2139788610782285
1392,chr18,4050000,5150000,1.0072692172318423
1393,chr18,5150000,6450000,0.8551483281257518
1394,chr18,6450000,7150000,1.1059811244059485
1395,chr18,7150000,8550000,1.4188084305799082
1396,chr18,8550000,9950000,1.7154745654288999
1397,chr18,9950000,10550000,2.0446214462945287
1398,chr18,10550000,11650000,1.3553473677545724
1399,chr18,11650000,12250000,1.6826580732661636
1400,chr18,12250000,13050000,1.8637858078382339
1401,chr18,13050000,13750000,1.867940414777033
1402,chr18,13750000,21950000,
1403,chr18,21950000,22750000,1.6575883623740377
1404,chr18,22750000,24450000,1.198367426039139
1405,chr18,24450000,26050000,1.4212115965699776
1406,chr18,26050000,27650000,0.9644786377835809
1407,chr18,27650000,30950000,0.8444389105320856
1408,chr18,30950000,36750000,0.7587733167185927
1409,chr18,36750000,40350000,0.9497092632837866
1410,chr18,40350000,41950000,0.6905304428043578
1411,chr18,41950000,43550000,0.8780544200108755
1412,chr18,43550000,46150000,1.3935717101803762
1413,chr18,46150000,47850000,0.8707176219559466
1414,chr18,47850000,48550000,1.6351102230128622
1415,chr18,48550000,49450000,2.0109280297032393
1416,chr18,49450000,54150000,0.8629729036631536
1417,chr18,54150000,55150000,1.0503856278278365
1418,chr18,55150000,56650000,1.1480379363734237
1419,chr18,56650000,57550000,1.0593905542439999
1420,chr18,57550000,59950000,1.6171974003314358
1421,chr18,59950000,60650000,1.0773704620302682
1422,chr18,60650000,61450000,1.2074603448413666
1423,chr18,61450000,62250000,1.6236350272769384
1424,chr18,62250000,63950000,1.250775586080685
1425,chr18,63950000,67050000,0.6387591518212806
1426,chr18,67050000,68750000,0.9454290805991472
1427,chr18,68750000,70550000,0.8730960491963781
1428,chr18,70550000,72650000,0.7721392201276253
1429,chr18,72650000,74550000,1.1218109931145677
1430,chr18,74550000,76350000,1.144188933192506
1431,chr18,76350000,77850000,1.1764821047518292
1432,chr18,77850000,79350000,1.5407882599950762
1433,chr19,4550000,5750000,1.7302739573189279
1434,chr19,5750000,6450000,1.4665559221343083
1435,chr19,6450000,8750000,1.2704302507368748
1436,chr19,8750000,9850000,1.061525184675632
1437,chr19,9850000,11650000,1.3790046557752877
1438,chr19,11650000,12950000,1.3644992371565945
1439,chr19,12950000,13750000,1.2173709111499573
1440,chr19,13750000,14550000,1.616832970880089
1441,chr19,14550000,16150000,1.3039933188055743
1442,chr19,16150000,19650000,1.156514210250422
1443,chr19,19650000,24150000,0.5525104847967808
1444,chr19,24150000,29550000,
1445,chr19,29550000,30650000,0.7435199470357435
1446,chr19,30650000,32250000,0.7172830321956019
1447,chr19,32250000,34550000,1.1082363187746351
1448,chr19,34550000,36150000,1.0782923862025735
1449,chr19,36150000,37850000,1.1522231300281132
1450,chr19,37850000,39550000,1.1294366708315369
1451,chr19,39550000,41950000,0.6994783204670553
1452,chr19,41950000,42550000,1.022224515809028
1453,chr19,42550000,43450000,1.034105753835087
1454,chr19,43450000,45850000,0.8641716077644626
1455,chr19,45850000,48550000,1.096256186136038
1456,chr19,48550000,49950000,1.8970701823999312
1457,chr19,49950000,51850000,0.8537144085725131
1458,chr19,51850000,55050000,0.9502488975356274
1459,chr19,55050000,55650000,1.8434040316306763
1460,chr19,55650000,57150000,0.7737180570126583
1461,chr20,550000,2450000,0.9732163357571251
1462,chr20,2450000,4050000,1.4347178690129523
1463,chr20,4050000,5250000,0.985883977532067
1464,chr20,5250000,6150000,1.703961422637418
1465,chr20,6150000,7950000,0.99416021285949
1466,chr20,7950000,8750000,1.2174331556117413
1467,chr20,8750000,9450000,1.2350952665337016
1468,chr20,9450000,11550000,0.9640664030680798
1469,chr20,11550000,12850000,0.8449387632094281
1470,chr20,12850000,13850000,0.9664686255175114
1471,chr20,13850000,16750000,0.7512559114203938
1472,chr20,16750000,17450000,1.0440772790684676
1473,chr20,17450000,18450000,0.7616710751599882
1474,chr20,18450000,19650000,1.306941980642575
1475,chr20,19650000,21650000,0.904143998105564
1476,chr20,21650000,23550000,0.802655831661879
1477,chr20,23550000,28950000,
1478,chr20,28950000,31550000,0.5770408789033619
1479,chr20,31550000,33350000,1.7809119374111855
1480,chr20,33350000,38450000,1.3214074020212363
1481,chr20,38450000,41750000,0.8512058480317073
1482,chr20,41750000,43450000,0.852864174380323
1483,chr20,43450000,44950000,1.0865091018102155
1484,chr20,44950000,45850000,1.0723314253896632
1485,chr20,45850000,46650000,1.493337987235746
1486,chr20,46650000,47650000,1.3568066899253397
1487,chr20,47650000,48650000,1.4805164691334234
1488,chr20,48650000,50050000,1.4894183691120997
1489,chr20,50050000,50850000,2.1326574203876247
1490,chr20,50850000,52250000,1.3380510448319363
1491,chr20,52250000,53450000,0.8936839318770327
1492,chr20,53450000,54050000,1.6085682837906923
1493,chr20,54050000,54750000,1.1843276638363616
1494,chr20,54750000,56350000,0.6354883992923906
1495,chr20,56350000,57450000,1.1242672262123372
1496,chr20,57450000,58250000,2.0209959548096
1497,chr20,58250000,59750000,1.2879460054192953
1498,chr21,14250000,15650000,0.9537255231087407
1499,chr21,15650000,18150000,0.9993270360211707
1500,chr21,18150000,20950000,0.5060516447206411
1501,chr21,20950000,22750000,0.6654569660756607
1502,chr21,22750000,25450000,0.6264656208422167
1503,chr21,25450000,26750000,1.1201707055367887
1504,chr21,26750000,28950000,0.9594547655039087
1505,chr21,28950000,30050000,0.7845261177222866
1506,chr21,30050000,31050000,0.84893945558282
1507,chr21,31050000,31750000,1.4398170752975226
1508,chr21,31750000,32750000,0.8007663050388946
1509,chr21,32750000,33550000,1.238026402522303
1510,chr21,33550000,34550000,1.555023224658992
1511,chr21,34550000,36050000,1.5972569214602474
1512,chr21,36050000,37650000,1.7333921237936245
1513,chr21,37650000,39450000,1.3636397348994287
1514,chr21,39450000,41050000,0.8402474199611887
1515,chr22,22050000,23050000,0.9191365557879662
1516,chr22,23050000,24650000,0.9890739554797479
1517,chr22,24650000,26450000,1.1733850388237923
1518,chr22,26450000,27950000,1.4471549350246355
1519,chr22,27950000,29350000,0.8738969900222745
1520,chr22,29350000,30450000,1.673501850433324
1521,chr22,30450000,31450000,1.5221078026200143
1522,chr22,31450000,33150000,0.832845341020137
1523,chr22,33150000,35250000,0.8087865043890098
1524,chr22,35250000,36450000,1.859311265198149
1525,chr22,36450000,38750000,1.0415047690982382
1526,chr22,38750000,39450000,1.4363660397654057
1527,chr22,39450000,40150000,1.4486282984415926
1528,chr22,40150000,41950000,1.9066274515426418
1529,chr22,41950000,42550000,1.890108496210084
1530,chr22,42550000,43250000,1.4181517724128916
1531,chr22,43250000,43850000,0.8519124234935908
1532,chr22,43850000,44750000,1.446934736214964
1533,chr22,44750000,46750000,1.6370624790171309
1534,chr22,46750000,49750000,0.9526333028965683
1535,chrX,1350000,2750000,1.456504765476139
1536,chrX,2750000,3850000,3.4778823235604004
1537,chrX,3850000,8050000,1.0381974783928618
1538,chrX,8050000,8750000,1.290627257402871
1539,chrX,8750000,10050000,1.5401890067602375
1540,chrX,10050000,11850000,1.4524823627258474
1541,chrX,11850000,12850000,1.1637102898879093
1542,chrX,12850000,14050000,1.2652419651506748
1543,chrX,14050000,15650000,1.1367739137736377
1544,chrX,15650000,16850000,1.5851376062094047
1545,chrX,16850000,18350000,1.298139454596759
1546,chrX,18350000,19450000,1.05375090938855
1547,chrX,19450000,20350000,1.3336231305225612
1548,chrX,20350000,21850000,1.1897949668265342
1549,chrX,21850000,23750000,1.137237888115151
1550,chrX,23750000,24350000,1.8547720444385354
1551,chrX,24350000,25250000,1.333408318659199
1552,chrX,25250000,27450000,0.7340655240488189
1553,chrX,27450000,30050000,1.0149506182449655
1554,chrX,30050000,30950000,1.0176825776872016
1555,chrX,30950000,32350000,0.8687722042478354
1556,chrX,32350000,33450000,1.335511538718879
1557,chrX,33450000,34350000,1.0971742633942843
1558,chrX,34350000,38350000,0.8139659583475178
1559,chrX,38350000,40550000,1.5723949855263755
1560,chrX,40550000,41850000,1.168869461902661
1561,chrX,41850000,43850000,0.9464337052046865
1562,chrX,43850000,46450000,0.8862340228633379
1563,chrX,46450000,51450000,1.6761413652301096
1564,chrX,51450000,53750000,
1565,chrX,53750000,55150000,1.20262505507242
1566,chrX,55150000,56750000,0.6878072516147595
1567,chrX,56750000,63950000,
1568,chrX,63950000,65450000,0.8897188917692237
1569,chrX,65450000,66950000,1.1140282235746153
1570,chrX,66950000,69450000,1.4508904721492486
1571,chrX,69450000,70150000,1.1817795106732516
1572,chrX,70150000,74650000,1.5801450784653923
1573,chrX,74650000,76350000,0.75551606252479
1574,chrX,76350000,78150000,1.0791014841811235
1575,chrX,78150000,79850000,0.6833008383204247
1576,chrX,79850000,80550000,0.8801782594621915
1577,chrX,80550000,81450000,0.713371833630141
1578,chrX,81450000,83950000,0.7915391708546803
1579,chrX,83950000,85650000,0.7106657385650349
1580,chrX,85650000,87850000,0.8786699531348386
1581,chrX,87850000,90250000,0.4630875933040049
1582,chrX,90250000,94550000,0.4789591979053717
1583,chrX,94550000,97750000,0.670711248452426
1584,chrX,97750000,100350000,0.6416199330792858
1585,chrX,100350000,101850000,1.577925707765522
1586,chrX,101850000,104350000,1.2904567652948689
1587,chrX,104350000,106750000,1.1884029712590223
1588,chrX,106750000,108150000,1.0498622488316542
1589,chrX,108150000,108750000,1.3483079006151268
1590,chrX,108750000,109450000,1.2423460458089395
1591,chrX,109450000,111650000,0.7546880862540958
1592,chrX,111650000,113750000,0.713953891181453
1593,chrX,113750000,115050000,0.9106811455604632
1594,chrX,115050000,118250000,0.7545646573212462
1595,chrX,118250000,120950000,1.9357392645313307
1596,chrX,120950000,123550000,0.8818329151713019
1597,chrX,123550000,124350000,1.1833199887217185
1598,chrX,124350000,128350000,0.6084604299903705
1599,chrX,128350000,129450000,0.8111744480302351
1600,chrX,129450000,130350000,2.0035297192075094
1601,chrX,130350000,131050000,1.5121953068333422
1602,chrX,131050000,131750000,1.101072747021332
1603,chrX,131750000,132750000,1.2215167710733834
1604,chrX,132750000,134350000,1.0738800492090592
1605,chrX,134350000,135050000,2.1883395060535045
1606,chrX,135050000,137150000,1.373274991647498
1607,chrX,137150000,140850000,1.0651129609473122
1608,chrX,140850000,145250000,0.8103437306463807
1609,chrX,145250000,147750000,0.9027084984303064
1610,chrX,147750000,149850000,1.26112606026175
1611,chrX,149850000,150850000,2.267002570092337
1612,chrX,150850000,151650000,1.1725721644513305
1613,chrY,4750000,5750000,0.7594921617693093
1614,chrY,5750000,7150000,0.2579931687589304
1615,chrY,7150000,7950000,2.0265159776664174
1616,chrY,7950000,12850000,
1617,chrY,12850000,13450000,1.3815072978391292
1618,chrY,13450000,14550000,1.1465783042073836
1619,chrY,14550000,15850000,0.9423106679009418
