,chrom,start_1,end_1,mean_intensity_1,start_2,end_2,mean_intensity_2,difference
0,chr1,3850000,5950000,1.1192904302032805,3750000,5950000,1.0836545045694324,0.046679567466126434
8,chr1,11050000,11950000,1.5006061346347412,11150000,12050000,1.3510284139414424,0.1514873444565231
20,chr1,19850000,20650000,1.5920130365706138,19750000,20650000,1.0579642687281132,0.5895612465192097
37,chr1,36550000,37950000,0.9383792281596683,36450000,37950000,1.4237138807511787,0.6014162580787079
38,chr1,37950000,38950000,1.2944179158860327,37950000,38950000,1.3931944608087157,0.10609316085742405
47,chr1,44750000,46350000,1.2458488205691196,44650000,46350000,1.3045313297496246,0.06640257952771071
48,chr1,46350000,47250000,0.892494363906757,46350000,47150000,0.8941300060383776,0.002641555204223644
55,chr1,53250000,53950000,1.8486154253454954,53250000,53850000,1.2237291746004317,0.5951608182162478
57,chr1,53950000,55050000,1.5430582759475122,53850000,55150000,0.9360135800862214,0.7211911822033283
59,chr1,55050000,56850000,1.1544036157820408,55150000,56750000,0.7754175628034362,0.5741024068449045
61,chr1,56850000,58550000,1.006006252469226,56750000,58650000,0.905022143614628,0.15261427486442689
63,chr1,58550000,59850000,1.5685600108787445,58650000,59850000,1.0539580591124222,0.5736232677529431
66,chr1,62850000,63550000,0.7200626328342254,62850000,63550000,1.0599973868011603,0.5578664018146241
67,chr1,63550000,64250000,1.602728146807219,63550000,64250000,1.1731990489733073,0.45008193099046534
68,chr1,64250000,64950000,1.1906143078666933,64250000,64950000,1.0088050040089378,0.23905879971298835
69,chr1,64950000,65850000,1.3886792236122083,64950000,65850000,1.164712386072478,0.25373964416184114
77,chr1,74650000,75850000,0.6685545182392834,74650000,75850000,0.5631599020247557,0.24750059654840262
78,chr1,75850000,77150000,1.141287613725969,75850000,77050000,0.9070797735697601,0.3313610683257978
87,chr1,83850000,85150000,1.128709482560737,83950000,85050000,1.2157598475446516,0.10718407730941745
94,chr1,90050000,91350000,0.7399780524783132,90050000,91250000,1.000725699613772,0.4354921969301288
96,chr1,91350000,92850000,0.9938030265870758,91250000,92950000,1.4002776891033488,0.4946811157547965
104,chr1,98650000,99750000,1.0095443481639796,98550000,99750000,1.015827483614547,0.00895112422546485
105,chr1,99750000,101450000,1.5325193525316365,99750000,101450000,1.3323042435000148,0.20198172001847173
115,chr1,112350000,113850000,0.6886833048615267,112450000,113750000,0.9350813244931842,0.4412511388927401
117,chr1,113850000,114850000,0.8588192342520901,113750000,114850000,1.0137565815642133,0.2392848733155496
118,chr1,114850000,115950000,1.1906560874044168,114850000,116050000,0.953072685467301,0.32109861146590096
120,chr1,115950000,118050000,0.8915789488642932,116050000,117950000,0.8180328378422989,0.12420379577877019
127,chr1,152050000,153550000,0.9198315580443537,151950000,153450000,0.6358925521710156,0.5325866837682289
132,chr1,157150000,159150000,0.8424213950461171,157050000,159050000,0.5867250815550134,0.5218574108509624
137,chr1,162550000,163450000,1.6314246667637093,162550000,163350000,1.1085876797075098,0.5574094911458107
139,chr1,163450000,165050000,0.894303600786286,163350000,165050000,1.1216216440669926,0.3267495046075052
143,chr1,168250000,169850000,0.8189241324391853,168250000,169850000,0.9184358020540673,0.16544907909427997
144,chr1,169850000,171550000,1.096969201531108,169850000,171550000,1.2085627734565862,0.13976938821873375
145,chr1,171550000,172650000,1.111097833514073,171550000,172550000,0.8441567656145045,0.39640300622973823
151,chr1,175050000,176250000,1.2671231654966846,175150000,176250000,1.006157504826869,0.3327005988946452
158,chr1,181250000,182850000,0.7527472971672805,181350000,182850000,0.931677422251466,0.30766490948447817
162,chr1,186350000,187150000,1.1034735738137342,186350000,187050000,1.614253226005001,0.5488148301351828
166,chr1,192450000,193150000,0.7886559090654645,192450000,193050000,1.1268578575414783,0.5148376505371898
171,chr1,197250000,198650000,0.6266071293441334,197250000,198750000,0.9578110613705505,0.6121799124236618
177,chr1,202950000,204550000,0.9923182310873156,202950000,204450000,0.9604199463458863,0.047137493020783794
186,chr1,211250000,213150000,1.887538252056202,211250000,213050000,1.2208107522546994,0.6286663079497204
188,chr1,213150000,214150000,1.1157300064376923,213050000,214150000,0.8558684128655983,0.3825270452730746
189,chr1,214150000,215650000,1.3513304990214818,214150000,215550000,0.9695218370142236,0.47903526380864314
191,chr1,215650000,218250000,0.7961995899316445,215550000,218250000,0.940906500096491,0.24092123797080847
192,chr1,218250000,220050000,1.01258424912825,218250000,220050000,0.8867022243876274,0.19152034843591859
193,chr1,220050000,220850000,1.3535824394953053,220050000,220750000,1.0170312259473955,0.41241878210315985
195,chr1,220850000,222550000,1.2297045484174498,220750000,222550000,0.9602802122375197,0.3567843775342728
203,chr1,229550000,230450000,1.4118163357119176,229550000,230550000,1.1739328816415757,0.26620249323482953
205,chr1,230450000,231750000,1.029190323522409,230550000,231750000,0.9308790812825499,0.14484411516955475
206,chr1,231750000,233350000,1.1003132438367162,231750000,233250000,0.7395738186545527,0.5731482388722715
208,chr1,233350000,234350000,1.0741829787043626,233250000,234350000,1.0415400937735952,0.044521389560229004
209,chr1,234350000,235150000,2.526155908487534,234350000,235150000,1.5036419415170628,0.7484826191048309
210,chr1,235150000,236050000,1.5643071220622868,235150000,236050000,1.2701571246286123,0.3005168098413133
216,chr1,239950000,240750000,1.3459704159850847,240050000,240750000,1.0578390857400726,0.3475265131745234
230,chr2,6950000,8750000,1.129264782318492,6950000,8750000,1.074452467328465,0.07178213825358697
231,chr2,8750000,10750000,2.0678778201006445,8750000,10750000,0.9315655946430451,1.1504216841664203
232,chr2,10750000,11750000,1.6203801446169461,10750000,11750000,1.3381214248054316,0.2761232761112447
233,chr2,11750000,13050000,1.5713928074021606,11750000,12950000,1.2376539885544704,0.3444358259532741
240,chr2,17750000,18450000,1.142606460378287,17750000,18350000,1.329296949057006,0.21833482929417294
242,chr2,18450000,19850000,1.67240887615121,18350000,19950000,1.7648248187573856,0.07759737934431288
253,chr2,30150000,30750000,1.4776736878721142,30150000,30750000,1.2175522108017138,0.2793440778414675
265,chr2,39850000,41750000,0.7871430834017769,39950000,41750000,0.8144405380973776,0.04918346582205836
266,chr2,41750000,42750000,1.036153438547144,41750000,42750000,0.822917252634389,0.3324183852687726
267,chr2,42750000,43650000,2.3539997000960544,42750000,43650000,0.9097576205101795,1.3715600007273192
268,chr2,43650000,45650000,1.22762384987852,43650000,45550000,1.1200526040999563,0.13230208828627404
274,chr2,50450000,53750000,0.7051580544491008,50450000,53850000,1.1316949526108213,0.6824665681828656
276,chr2,53750000,55650000,1.1582276346748521,53850000,55650000,0.8038445706989056,0.5269303465502344
277,chr2,55650000,57550000,0.8354878302906572,55650000,57650000,1.4765312129582628,0.8215211352094776
283,chr2,60650000,61850000,1.4004872050335984,60750000,61850000,0.9962950022379585,0.4912839112591998
286,chr2,63550000,65650000,1.20249987475976,63550000,65650000,0.8873893623220942,0.43839757983035593
308,chr2,99350000,100350000,1.562252270078657,99450000,100350000,1.0723189800114843,0.5428933119750556
314,chr2,105150000,106650000,1.0989679512119086,105050000,106650000,1.2803169801062297,0.22035172188764604
323,chr2,119550000,121850000,1.498094784738208,119550000,121850000,0.7592908859418522,0.9804043101030333
333,chr2,133850000,134950000,0.740223182650284,133850000,134950000,0.6768433612907415,0.12913832310427817
334,chr2,134950000,135850000,1.0761911451715582,134950000,135850000,1.484819784701631,0.46435349755413985
337,chr2,137850000,138850000,0.8085591225711747,137850000,138850000,1.0959548256412035,0.4387631589888376
344,chr2,146750000,147850000,0.9370592612902638,146750000,147950000,1.32511975398621,0.49991055061462064
357,chr2,157250000,158850000,0.7879338689041498,157250000,158850000,0.8855092235512748,0.16843278458638228
358,chr2,158850000,159950000,1.7175277221498497,158850000,159950000,0.8873928626805828,0.952688530690324
368,chr2,168050000,169050000,1.442539832374532,168150000,168950000,1.2612281100025189,0.19378192608724004
376,chr2,172650000,174450000,1.5074890937128371,172650000,174350000,1.1285087816090151,0.4177299195882324
378,chr2,174450000,175250000,1.2753548208329197,174350000,175250000,0.9728000125491137,0.39068352755254976
381,chr2,176650000,177850000,0.895359535148132,176650000,177850000,0.8414066610446488,0.08966387926762559
385,chr2,179950000,181050000,1.1419589332752322,180050000,181050000,1.0879907969638487,0.06984441669176221
386,chr2,181050000,183150000,0.7358740385669215,181050000,183150000,0.8956150404993038,0.28341991864255384
400,chr2,196850000,197650000,1.340644356991331,196850000,197650000,1.3017726719327074,0.042449040008357156
401,chr2,197650000,198350000,1.2670022614878478,197650000,198350000,1.375624182849794,0.11866728356029459
402,chr2,198350000,199850000,0.823517300945487,198350000,199950000,1.0871227928985931,0.4006440407456315
407,chr2,202350000,204050000,1.398600056297225,202250000,203950000,1.1508206368563403,0.281320471116375
409,chr2,204050000,206050000,1.3345313838232347,203950000,206050000,1.2508931039096505,0.09337472526838295
420,chr2,215250000,216050000,3.1944270643907102,215350000,216050000,1.139716109030276,1.4868826908012913
426,chr2,222550000,223850000,1.3975563102764903,222650000,223850000,1.5295161753381743,0.1301689508976999
429,chr2,225750000,227150000,1.4648829516659247,225750000,227150000,1.643040056466285,0.16558225907912003
437,chr2,231650000,232550000,2.08190635563404,231750000,232550000,1.117048015255301,0.8982139774830734
443,chr2,237050000,238350000,1.4698255168138437,237050000,238350000,0.9994717258988506,0.5564072425083288
447,chr3,3150000,4250000,0.9579484863304422,3150000,4250000,0.7490385984433212,0.35490801352912077
448,chr3,4250000,5250000,1.2418680209853972,4250000,5150000,0.7064722729192002,0.813807014884363
454,chr3,10250000,11150000,1.348893677250108,10250000,11150000,0.7254124552891676,0.8949032147666566
467,chr3,20350000,22050000,0.938075818500907,20350000,22150000,0.981138274521164,0.06475194275362668
469,chr3,22050000,22950000,0.7861868411051511,22150000,23050000,1.0573706442416793,0.42753705707771483
471,chr3,22950000,23850000,1.5110050900356022,23050000,23950000,0.8048933060166285,0.9086390582836747
473,chr3,23850000,24750000,1.0991260104956406,23950000,24750000,1.0594266915730117,0.05307303313147508
478,chr3,27050000,28450000,0.5600170192063895,27150000,28350000,0.6279599882287956,0.16520196565915024
483,chr3,30850000,33850000,1.5721245480838888,30750000,33850000,0.778019391517114,1.0148374976386279
484,chr3,33850000,35950000,0.810404262929552,33850000,36050000,1.0720336520109746,0.4036365256717089
493,chr3,40250000,42750000,1.308322266348779,40350000,42850000,1.4161217856045762,0.11422739194192515
511,chr3,56450000,58550000,0.79894932798176,56550000,58650000,1.4896492305149682,0.8987967468922784
513,chr3,58550000,61450000,0.8218915442493344,58650000,61350000,1.0998820425272584,0.42032887400096014
515,chr3,61450000,62450000,1.3416854867104793,61350000,62450000,1.5612237186033848,0.2186307663647689
519,chr3,63850000,64550000,2.210555183031848,63950000,64550000,1.6579042041526943,0.4150481008949696
520,chr3,64550000,65350000,1.2930471736575768,64550000,65450000,1.1536129491569496,0.1646156454530919
522,chr3,65350000,66250000,1.098528718209412,65450000,66250000,1.2993086685795714,0.24217161767244502
526,chr3,68950000,69950000,1.1083528697021612,69050000,69950000,1.3612106960820614,0.29647312306352014
529,chr3,71750000,72950000,1.615101108062671,71750000,72950000,1.638484455304214,0.02073750285368528
530,chr3,72950000,73950000,0.7282385228742938,72950000,73850000,1.215415803652713,0.7389669913955437
561,chr3,105450000,107150000,1.0943557064982044,105550000,107150000,1.0951806618894944,0.0010871334456638206
562,chr3,107150000,108550000,0.7717682077039267,107150000,108450000,0.8920991130234505,0.20903638920165962
564,chr3,108550000,111550000,1.0414113227851052,108450000,111550000,1.2574619110304532,0.27197470326153916
572,chr3,119050000,121450000,1.014949565785506,118950000,121450000,1.1549941754588513,0.18647753653980428
573,chr3,121450000,122350000,0.8255537842710008,121450000,122450000,1.170486288828668,0.5036739207824535
575,chr3,122350000,123650000,1.3866297488998607,122450000,123650000,1.0231235345671121,0.4386022673914695
576,chr3,123650000,124650000,1.409920878451392,123650000,124550000,0.8186624835373605,0.7842735158857126
578,chr3,124650000,125750000,2.0946906896499393,124550000,125750000,1.3778359198879215,0.6043331311838123
583,chr3,130150000,130850000,1.0450458974308556,130150000,130950000,1.1533817744064578,0.142303824898401
589,chr3,133550000,134550000,1.5870321048459293,133650000,134550000,0.7659067747020689,1.051090608693082
590,chr3,134550000,135950000,1.0253523496807724,134550000,135950000,1.1187358267192107,0.12574964568985234
591,chr3,135950000,137050000,1.7557234013576952,135950000,136950000,0.9616786709899031,0.8684387520161454
593,chr3,137050000,137950000,1.244687564489326,136950000,138050000,1.1271905417681953,0.14305223815023946
600,chr3,142450000,143850000,1.0651123922781975,142450000,143850000,1.0201106413246637,0.062280038293548966
605,chr3,149850000,151250000,0.9935596934946341,149850000,151250000,0.8065238281903312,0.30088949037808
606,chr3,151250000,151950000,1.299853724359309,151250000,151950000,1.1761215206493054,0.14431215071658485
607,chr3,151950000,152650000,1.3708529657184705,151950000,152550000,1.1410749785452057,0.2646802471846577
609,chr3,152650000,154250000,1.046126984294179,152550000,154150000,1.1410748128987673,0.12533539892817666
611,chr3,154250000,155950000,0.9400323271294416,154150000,155950000,1.1780397557238267,0.32560595098433825
614,chr3,157550000,158650000,0.9898534269692923,157550000,158650000,0.9482397631636029,0.061963021417089384
618,chr3,160550000,161450000,1.1721889450577587,160450000,161450000,0.8366703707242328,0.48647388593848295
624,chr3,168950000,169850000,1.2036883376313359,168950000,169850000,1.0461296069318717,0.20240029297806095
625,chr3,169850000,170950000,1.225916765510554,169850000,170950000,0.9039579712341267,0.43953342713001353
631,chr3,176850000,178350000,1.6809953244259301,176750000,178450000,1.0191514277792806,0.721947285562753
633,chr3,178350000,179750000,0.9874410829260579,178450000,179650000,0.8946670492341958,0.14234378768388248
635,chr3,179750000,180650000,1.13917626515295,179650000,180650000,0.8927376713968895,0.35168278242883416
643,chr3,187750000,189150000,1.8385913315035616,187750000,189050000,0.7662053154102662,1.2627979044446604
648,chr3,192550000,193650000,1.0510878928775982,192450000,193650000,1.1469293005503447,0.12589314919135636
649,chr3,193650000,194450000,2.2438646782642304,193650000,194550000,1.1032354468176786,1.024244957003242
651,chr3,194450000,196150000,1.4472546686791683,194550000,196050000,0.9655483638745995,0.5838983805134088
660,chr4,10550000,12650000,1.2037034964813405,10450000,12650000,1.0187715080623774,0.24064954499863875
661,chr4,12650000,13550000,1.2119652000175616,12650000,13650000,1.0776462855960314,0.1694645524032882
663,chr4,13550000,16350000,1.5998098374921403,13650000,16350000,0.9159832236261026,0.8045073478605602
664,chr4,16350000,17550000,1.3285793007592845,16350000,17550000,0.7998979066807377,0.7319965610855357
665,chr4,17550000,18650000,1.1025059987757795,17550000,18650000,1.0193917260451735,0.11307795687947858
666,chr4,18650000,20750000,1.2888078052737957,18650000,20650000,1.0603761201513597,0.28146105048018866
685,chr4,37450000,38750000,1.0730010487240873,37450000,38750000,0.7128702765870183,0.5899400125743208
696,chr4,48850000,53050000,,48950000,52950000,,
698,chr4,53050000,54350000,1.9443236657694083,52950000,54350000,1.0609724403120542,0.8738812186089819
699,chr4,54350000,57050000,0.9754541945040288,54350000,57050000,0.8958919472129655,0.12274938765765674
704,chr4,64650000,67450000,0.7643192305036784,64650000,67450000,1.1671601362947366,0.6107552801951229
720,chr4,78950000,80350000,0.7615867213172071,78850000,80350000,1.0739868757892876,0.49589613377795005
721,chr4,80350000,81350000,1.083339946732962,80350000,81450000,0.7733528212919355,0.4862873645682655
723,chr4,81350000,82350000,0.9198295684285919,81450000,82350000,1.2294067330751377,0.4185238115895405
731,chr4,89150000,90350000,1.222716952042113,89150000,90350000,1.2947070149378672,0.08253518929758519
736,chr4,94250000,95150000,1.5006413450650467,94350000,95150000,0.8460839244683518,0.8267065335815122
743,chr4,102350000,103250000,1.8429970283138672,102350000,103150000,0.9364193199647332,0.9768271395534976
745,chr4,103250000,104050000,0.8253926698587901,103150000,103950000,1.2280266902863155,0.5731893857601496
751,chr4,107950000,108650000,1.8210760599993325,107950000,108650000,1.5425968481443322,0.2394301116427256
758,chr4,112050000,113150000,0.8878571821205149,112150000,113250000,1.1690320993896872,0.39691501104514226
771,chr4,121850000,123050000,1.2674853415157405,121850000,123050000,1.0297142681650024,0.299724998032223
772,chr4,123050000,124250000,1.266924745189735,123050000,124250000,1.1898220824038612,0.0905849723025141
773,chr4,124250000,125250000,1.344334253579636,124250000,125250000,0.8882990489592535,0.5977745408452033
774,chr4,125250000,127650000,1.1365807595376871,125250000,127650000,1.150525741654639,0.017593064291005673
775,chr4,127650000,129150000,1.5805627071326922,127650000,129250000,1.1221091058537378,0.4942253136573507
781,chr4,134850000,136950000,0.839717388489068,134950000,136950000,1.0385060323727966,0.3065338286611182
793,chr4,145150000,146250000,1.1639012475639756,145150000,146150000,0.898013448650798,0.3741597004036002
799,chr4,149950000,151050000,1.7869738473332892,149950000,151050000,1.1617529854991517,0.6212151681223699
803,chr4,153750000,154650000,1.1873276530681334,153650000,154750000,1.0082925462313164,0.23580383032817137
815,chr4,162450000,163550000,0.9620391372750522,162350000,163550000,1.294685148301623,0.4284338032397064
816,chr4,163550000,165050000,0.9763106850030688,163550000,165150000,1.2551241265528692,0.3624178223378162
838,chr4,183450000,185150000,1.585933766438881,183350000,185250000,1.2552427338264023,0.3373661470780249
840,chr4,185150000,186150000,1.5644669712547152,185250000,186150000,1.0981425926203552,0.5106058020948017
847,chr5,6750000,7850000,1.0089667068865664,6750000,7850000,0.9262311594111236,0.12343437349816692
853,chr5,13850000,15150000,1.8584252233936587,13950000,15150000,1.108757746494567,0.7451364561497098
856,chr5,17250000,18450000,1.204438315531251,17250000,18350000,1.570822357367331,0.3831595281588362
875,chr5,37350000,38250000,1.0892948033641559,37250000,38250000,0.9335150958158955,0.2226491959197729
876,chr5,38250000,38950000,2.064268663046098,38250000,39050000,1.3194665158932064,0.6456760088268187
878,chr5,38950000,40850000,1.165920190544564,39050000,40850000,1.5505119297059922,0.4112755894537289
879,chr5,40850000,41850000,0.8921071660729973,40850000,41850000,1.0938276174359516,0.29409646130436035
880,chr5,41850000,43650000,0.7613154018973445,41850000,43550000,1.2255106851658555,0.686816892791775
882,chr5,43650000,44950000,0.8289651920076384,43550000,44850000,1.091991061647893,0.3975776175254499
890,chr5,54250000,55250000,1.4580888697494376,54350000,55150000,1.2391677897957012,0.2347071046936987
899,chr5,59750000,60950000,1.1560906571743836,59750000,60950000,1.1854107902878008,0.036132560806109534
900,chr5,60950000,62250000,0.9498219018191189,60950000,62350000,1.0285575187050922,0.1148935454973453
905,chr5,64750000,65550000,1.5254385711899563,64850000,65650000,1.2052649828464173,0.3398737201016198
915,chr5,73850000,74750000,1.5503249366794243,73850000,74750000,1.0325646047762154,0.5863385754410031
920,chr5,78250000,80550000,1.024269354782895,78350000,80650000,1.0013608333370316,0.03263322163017858
922,chr5,80550000,81250000,1.760299402142303,80650000,81350000,1.0585978365782283,0.733666221145687
924,chr5,81250000,82250000,1.4459981093909118,81350000,82250000,0.8808686832562648,0.7150667975139925
925,chr5,82250000,83650000,1.0944879476256397,82250000,83650000,0.7562223986716187,0.5333735813311093
933,chr5,88750000,90750000,0.7674280927586453,88650000,90750000,0.8158752616989396,0.08831701920665262
934,chr5,90750000,91550000,1.2841532386128411,90750000,91450000,1.248342052384505,0.040804075705251436
942,chr5,97250000,98950000,1.09441467445299,97250000,98950000,1.2662709142360506,0.21042661751610886
943,chr5,98950000,100350000,0.7569244583090315,98950000,100350000,1.051704981311127,0.4745088338980448
944,chr5,100350000,102550000,0.8108024982969234,100350000,102450000,1.3326439968809345,0.7168689904420691
956,chr5,113650000,115150000,0.5858602901179646,113550000,115050000,0.7075531537223213,0.27228186529568454
958,chr5,115150000,116150000,1.0123789182040994,115050000,116250000,1.0492422207611,0.05159839673862566
960,chr5,116150000,118950000,0.8003862619105382,116250000,118850000,1.0363197420482104,0.37270088552057784
962,chr5,118950000,119550000,1.5046023849727,118850000,119550000,1.0596599949351972,0.5057808498993424
966,chr5,121950000,123550000,1.1613662005512435,122050000,123650000,1.2087671071794592,0.057713354959300474
971,chr5,126650000,127550000,1.4070756472017625,126550000,127450000,1.1849638596682546,0.247856833937503
977,chr5,132150000,133050000,1.9338335837015004,132150000,133150000,1.2002640629659893,0.6881118093298954
979,chr5,133050000,134050000,1.4659370593388426,133150000,134050000,0.9098741725669299,0.688084209606429
989,chr5,142850000,144250000,1.4100198281093483,142850000,144150000,1.001578900017608,0.4934393755137999
991,chr5,144250000,146550000,0.8795135390530255,144150000,146450000,1.007001314177594,0.19528787458587485
993,chr5,146550000,147750000,0.8304175935500103,146450000,147850000,1.0688304362191747,0.36412408133815916
995,chr5,147750000,149250000,0.9287839422718106,147850000,149350000,0.9666709534946142,0.057681862547675065
1000,chr5,152350000,153950000,1.0293003261154239,152450000,154050000,1.178321612835697,0.19506937540317737
1002,chr5,153950000,155050000,1.2004476736118916,154050000,154950000,1.1790558011481018,0.025940520885163413
1004,chr5,155050000,157150000,0.7634024323065866,154950000,157150000,1.1093699543826032,0.5392248695777869
1005,chr5,157150000,157850000,1.6439204096935824,157150000,157850000,1.17105980665825,0.48932569578061436
1006,chr5,157850000,159250000,1.6881015008573896,157850000,159250000,1.0488437650636018,0.6866018606922272
1009,chr5,160450000,163450000,0.6886124792613987,160450000,163450000,1.2948668935354746,0.9110395717532606
1014,chr5,168250000,169550000,1.2843664002162798,168350000,169550000,1.0521036428179422,0.28777999727542747
1023,chr6,550000,1550000,1.6637569612375687,650000,1550000,1.3111172888865315,0.34364795165689604
1035,chr6,11550000,12750000,1.030556611906051,11650000,12750000,0.7749886515854474,0.41117666930160673
1036,chr6,12750000,15650000,1.0841370250951576,12750000,15650000,0.8658918274706967,0.3242884008056354
1037,chr6,15650000,16250000,1.8119244243148012,15650000,16250000,1.4222582412511187,0.34933934084744483
1038,chr6,16250000,17050000,1.5898161726126023,16250000,17050000,1.0559399976379087,0.5903321012682388
1042,chr6,20150000,21550000,1.030302409605927,20150000,21650000,0.8406177391887532,0.2935460462658712
1047,chr6,24350000,25950000,0.7620914841016134,24250000,25950000,0.6904292839013509,0.14247053787205613
1048,chr6,25950000,27950000,0.6436794012980804,25950000,27950000,,
1049,chr6,27950000,29550000,0.9193066332059258,27950000,29650000,1.4891673265696692,0.6958878124142495
1073,chr6,50650000,52150000,0.834690363812748,50750000,52150000,0.9133305969895661,0.12989604940994098
1077,chr6,55350000,57450000,1.3890181415714347,55250000,57550000,0.915761925399272,0.6010209535814827
1094,chr6,78850000,80050000,1.030554923188413,78950000,80050000,0.9120253316997484,0.17627559380340993
1095,chr6,80050000,82250000,0.8758477327590245,80050000,82150000,1.2834208914576941,0.5512423902686339
1101,chr6,85750000,87050000,0.8902994379993467,85650000,86950000,1.0997096070272496,0.3047600609454627
1103,chr6,87050000,88950000,1.0052015216107377,86950000,88850000,1.2038691823660599,0.26019387093588214
1105,chr6,88950000,89750000,0.973995451747577,88850000,89850000,0.89180148279662,0.1271924369711589
1107,chr6,89750000,90650000,1.3871310039587004,89850000,90550000,1.2092675917855493,0.19797052015359135
1117,chr6,99250000,100850000,0.5904596965635313,99250000,100750000,1.037256421239602,0.812862095372872
1128,chr6,109450000,110450000,1.1793506035088772,109450000,110450000,1.211393661458544,0.03867509371051172
1132,chr6,112250000,114050000,1.3131819649031573,112150000,113950000,1.2321662519093448,0.09186991435110131
1134,chr6,114050000,116050000,0.8735384727243688,113950000,116150000,0.8834523627158309,0.016281099971829704
1136,chr6,116050000,116850000,1.3683486110061585,116150000,116750000,1.3251763043139444,0.046251517420729346
1140,chr6,118950000,121350000,0.8746952454537237,118950000,121350000,1.1354658283466839,0.37643193206885744
1141,chr6,121350000,122450000,0.9760969113469137,121350000,122450000,1.1031146166935581,0.17648640142043248
1159,chr6,135050000,136450000,1.4881713389745375,134950000,136350000,0.9378512677316998,0.6661095877263783
1169,chr6,145850000,146750000,1.0065960944407941,145750000,146750000,1.2443286785683492,0.3058827057694265
1170,chr6,146750000,147450000,1.5936426101839938,146750000,147350000,1.330554810949785,0.26030018519710346
1174,chr6,149950000,150850000,1.3529490959452366,149950000,150850000,0.9731695403964776,0.4753444889981515
1175,chr6,150850000,151450000,2.365798765828753,150850000,151450000,1.5282820526267358,0.6304165386337133
1185,chr6,159050000,159750000,1.5724475217889127,159150000,159650000,0.9446353927570423,0.7351823747765207
1187,chr6,159750000,160650000,1.508328261143804,159650000,160750000,0.7401035510343389,1.0271513964306218
1192,chr6,165150000,166250000,1.4140498861525266,165050000,166250000,1.1585815060997153,0.28747347653473715
1200,chr7,8350000,11350000,0.7044484788310035,8350000,11350000,0.9837323901572184,0.48177170892647986
1201,chr7,11350000,12450000,0.8513966721994333,11350000,12550000,0.8915994371102082,0.06656425462787866
1203,chr7,12450000,13250000,1.460972019743479,12550000,13250000,1.3033166494303223,0.1647409093584715
1204,chr7,13250000,14650000,0.7933445480944838,13250000,14650000,0.9133118041752923,0.20315991778330328
1205,chr7,14650000,16650000,1.33623092910071,14650000,16650000,1.537663037417622,0.20257002886359957
1206,chr7,16650000,17750000,1.3210922485071792,16650000,17650000,1.5866125668240612,0.2642186712424585
1211,chr7,19750000,20550000,1.2149557754705989,19650000,20650000,1.055131977085355,0.20348033639701066
1213,chr7,20550000,22050000,0.8952461879194334,20650000,21950000,1.1439392316371693,0.3536540397979601
1225,chr7,32450000,33150000,1.3544522660479867,32550000,33250000,1.3704969852837772,0.016989604025647143
1237,chr7,41850000,42850000,1.3384483346381189,41850000,42850000,1.1568992152533397,0.21029826296487605
1241,chr7,45750000,47150000,1.1244978089411664,45750000,47150000,0.9906814143019265,0.18278775827365062
1245,chr7,50050000,51250000,1.2743196533633387,50050000,51350000,0.6903669210274925,0.884291967569152
1247,chr7,51250000,54650000,0.7202299955185153,51350000,54650000,0.8914152973802075,0.3076400340327603
1259,chr7,78050000,79150000,1.004568634593323,77950000,79150000,0.7091160867324677,0.5024824058021164
1262,chr7,81450000,82750000,0.9379969728483513,81450000,82650000,0.6509941277740082,0.5269387370427363
1264,chr7,82750000,83950000,0.6108512368453597,82650000,83950000,1.0543554552681629,0.7874683429453982
1265,chr7,83950000,85050000,0.9287902089943808,83950000,84950000,1.0047309698960354,0.11338458332194139
1267,chr7,85050000,85850000,0.7788317855264862,84950000,85850000,1.024726285234805,0.3958549333839965
1277,chr7,93150000,95850000,0.9339412810949645,93250000,95850000,0.8012764164617746,0.22103183218265843
1278,chr7,95850000,97150000,0.9376486716237418,95850000,97050000,0.8798315773110698,0.09182007860118532
1284,chr7,98850000,99450000,1.9925681591878914,98950000,99450000,1.2336593878459872,0.6916849521290422
1287,chr7,103350000,104150000,1.153892068528229,103350000,104150000,1.1609238083136448,0.008765005824260399
1288,chr7,104150000,104850000,1.2479680512434996,104150000,104950000,1.1112753560707807,0.16736466325020738
1290,chr7,104850000,105550000,1.8670102674193483,104950000,105550000,1.5521342671690224,0.26647649846344446
1308,chr7,120650000,122050000,1.252062899519484,120750000,122050000,1.2598081797609035,0.008897043244423345
1312,chr7,124850000,127550000,0.8655100070745482,124850000,127450000,0.9330199305129021,0.10835739903073327
1314,chr7,127550000,128350000,1.8835179583487243,127450000,128350000,1.047841420772486,0.8460093912533684
1317,chr7,130050000,130850000,2.053694572454875,130050000,130850000,1.2242620629466245,0.746309227200096
1318,chr7,130850000,131650000,2.2412403622141874,130850000,131550000,1.477244388817561,0.6013888602544762
1320,chr7,131650000,132650000,1.5865900359056913,131550000,132650000,1.1255302894445318,0.4953245116587044
1329,chr7,139250000,140550000,1.4361227980615787,139350000,140450000,0.9740766091241202,0.5600719675840073
1335,chr7,148250000,149150000,1.8063887282406441,148250000,149050000,1.1852498210642024,0.6079172136571682
1337,chr7,149150000,150950000,1.4339217775794832,149050000,150950000,1.2393688064604582,0.2103607623286275
1342,chr7,154850000,155750000,1.363920452863897,154850000,155750000,0.8814625145548932,0.6297883820478836
1347,chr8,1650000,4950000,0.8696113189410432,1750000,4950000,0.9942893993401855,0.19329510711874556
1348,chr8,4950000,6250000,0.9699127348586135,4950000,6350000,1.055048502634977,0.12138246809267789
1354,chr8,12950000,13750000,2.447757100771906,12950000,13650000,0.8852241263140326,1.46734572494231
1360,chr8,18050000,18750000,1.3515481981421924,17950000,18850000,0.9074686266879238,0.5746932896163626
1368,chr8,25050000,26650000,1.6921233526912653,25050000,26650000,1.0419532072661484,0.6995442525617108
1378,chr8,36750000,37750000,1.2829489475264448,36750000,37850000,1.5255771787563717,0.2498914052130664
1386,chr8,41650000,43150000,1.7500378628591218,41550000,43150000,1.1057051317798703,0.6624194352055952
1387,chr8,43150000,47150000,,43150000,47150000,,
1388,chr8,47150000,47850000,2.347726544552531,47150000,47950000,0.932666064019703,1.3318318482947864
1390,chr8,47850000,49050000,1.5867841412263786,47950000,48950000,0.8645790080291498,0.8760361708132994
1397,chr8,56250000,57450000,0.6846366781491184,56250000,57350000,1.0231013454442035,0.5795385720767745
1399,chr8,57450000,58550000,1.1984694170368606,57350000,58650000,1.0075416453416102,0.2503536224668975
1406,chr8,61550000,63250000,1.081933545174664,61650000,63250000,1.0238276920587677,0.07963895489156883
1407,chr8,63250000,64350000,0.7035858273110841,63250000,64450000,1.2053943286171869,0.776706854766166
1409,chr8,64350000,65650000,0.6774398839774539,64450000,65750000,1.173610313867416,0.7927886223189946
1411,chr8,65650000,67550000,1.2124279640388633,65750000,67450000,0.9321625052707864,0.37924564356959783
1413,chr8,67550000,68450000,0.6283577315432294,67450000,68550000,1.067739818937958,0.7649021001337499
1415,chr8,68450000,69850000,1.026349599821352,68550000,69950000,1.1538362067184027,0.16891620822660522
1417,chr8,69850000,70750000,1.4938204294323099,69950000,70750000,1.1050576505600394,0.43488509711908413
1418,chr8,70750000,72250000,0.8835477116726381,70750000,72250000,0.8187799782739255,0.10983221817381793
1419,chr8,72250000,73050000,1.0067045982355542,72250000,73150000,1.0396440621607785,0.046449275389869364
1421,chr8,73050000,75550000,0.8258794858603519,73150000,75450000,0.9551245846907664,0.20975765211562925
1426,chr8,78450000,79550000,0.9658183369881191,78450000,79550000,0.9991501178572989,0.048949598089642096
1427,chr8,79550000,81750000,0.9658597944221995,79550000,81750000,0.8866749262530407,0.1234085016008004
1428,chr8,81750000,84550000,0.6763441448578869,81750000,84550000,1.225746353762185,0.8578310436466013
1429,chr8,84550000,86550000,0.78264908933285,84550000,86450000,1.0892111691064639,0.4768461744706816
1434,chr8,88450000,89650000,0.9111143135907565,88350000,89750000,1.0129224192833262,0.1528197017168144
1447,chr8,98150000,100050000,1.3808931221396517,98150000,99950000,0.9946809819133519,0.473295864738825
1449,chr8,100050000,101350000,1.3651701652420023,99950000,101350000,0.9019596483761942,0.5979459937473559
1450,chr8,101350000,102150000,1.0619114692131466,101350000,102250000,1.2582528146035796,0.24475833030424804
1457,chr8,105750000,106750000,1.2320498367191943,105850000,106750000,1.6588766231502994,0.42914597708291163
1458,chr8,106750000,107850000,1.5428155488368027,106750000,107750000,1.4206257206513644,0.11903908006278834
1460,chr8,107850000,108750000,0.9181232523247272,107750000,108750000,1.2541403591704594,0.4499390741812504
1475,chr8,122550000,123350000,2.199133885148708,122550000,123250000,1.2935232878347982,0.7656294116805823
1477,chr8,123350000,124450000,1.4695295697663264,123250000,124450000,0.7626400291067227,0.9462802273930008
1482,chr8,126750000,127650000,1.2273953763922336,126850000,127750000,1.219445721849935,0.009374509482812864
1484,chr8,127650000,129750000,1.3020144999441146,127750000,129850000,1.0474011100657663,0.3139314763220803
1486,chr8,129750000,130750000,1.74999107714656,129850000,130750000,1.1135900521765048,0.6521293374617936
1489,chr8,132750000,133550000,1.6848838747754051,132750000,133550000,1.304283930784448,0.369391196312473
1498,chr8,140450000,141450000,3.153285400245366,140550000,141450000,1.4214381107036997,1.149504467042818
1499,chr9,2050000,2950000,1.2509183631502432,2050000,2850000,1.486517232355445,0.24894854760583354
1501,chr9,2950000,4550000,0.8017343052136368,2850000,4450000,1.2680327161298461,0.661395856703543
1524,chr9,33050000,34750000,1.8245007590662394,33050000,34650000,0.9276663698757455,0.9758238047591704
1526,chr9,34750000,35650000,1.6865539359070603,34650000,35650000,0.8246033580972951,1.0323062148546989
1529,chr9,37450000,38450000,1.5256370689301402,37450000,38450000,0.6695764487657708,1.1880911133455094
1530,chr9,38450000,69250000,,38450000,69150000,,
1532,chr9,69250000,70650000,1.033942358003693,69150000,70550000,0.6904642695562092,0.5825170937307123
1540,chr9,74750000,77250000,1.143114866672957,74850000,77250000,0.8580054094425008,0.4139117324417572
1541,chr9,77250000,78350000,1.0976513415700238,77250000,78350000,0.698354971529849,0.6523874237384102
1551,chr9,89350000,90150000,1.4572138065684657,89450000,90150000,1.2209296869935657,0.25523245096137864
1552,chr9,90150000,90850000,1.1900444378258672,90150000,90950000,1.5291804840445613,0.3617432465347714
1554,chr9,90850000,92050000,0.9881820000697772,90950000,92050000,0.8922777552744336,0.14728390347202586
1555,chr9,92050000,92850000,1.7515116520733056,92050000,92850000,1.3028549153215943,0.42692415010812274
1560,chr9,95250000,96750000,1.5326936199269419,95250000,96850000,1.369352393664907,0.16257557386428675
1562,chr9,96750000,97650000,1.0105944633574717,96850000,97550000,1.0205316028565345,0.014116677935077915
1564,chr9,97650000,98850000,1.2925672358754046,97550000,98950000,0.9753204567783463,0.40629110574527944
1566,chr9,98850000,100650000,0.8419410591702183,98950000,100550000,0.8448879686090273,0.005040814319133053
1572,chr9,104750000,105750000,1.2423388553436598,104750000,105650000,1.2653885587657754,0.026521725718808942
1577,chr9,108850000,111550000,0.9991360365988632,108850000,111450000,0.72692280636153,0.45887895131804246
1579,chr9,111550000,113150000,1.013662474443404,111450000,113150000,0.728214079977298,0.47714280848818036
1580,chr9,113150000,114350000,1.2094367373217962,113150000,114350000,0.653528583990731,0.8880130644265136
1581,chr9,114350000,115550000,1.0334278353603483,114350000,115450000,0.8817174116225971,0.2290493937898524
1583,chr9,115550000,116750000,1.0984932603732542,115450000,116650000,0.7552726587199795,0.5404565517693093
1585,chr9,116750000,117550000,0.8915348265417847,116650000,117550000,0.5885855720014282,0.5990389778566938
1586,chr9,117550000,120550000,0.779700926775261,117550000,120450000,0.9973628442259095,0.3551976084543522
1594,chr9,125350000,126850000,1.1871154380814213,125350000,126750000,0.8535441909256116,0.47592247948849353
1600,chr9,129850000,131650000,1.9872193445175421,129750000,131650000,0.9398363644011649,1.0802696275282266
1601,chr9,131650000,132350000,2.111369384222523,131650000,132350000,1.2947468906696256,0.7055089065198008
1602,chr10,1150000,3050000,0.8496931321659242,1050000,3150000,0.9285137879644773,0.12798142958747113
1604,chr10,3050000,4850000,1.7779878217905154,3150000,4750000,0.8930912494076161,0.993365950740902
1611,chr10,9350000,12150000,0.9197535297087995,9350000,12050000,0.8485190950078749,0.11630018136312857
1616,chr10,15250000,15950000,1.3887947024253127,15250000,15850000,1.6177793226376904,0.22018147692232995
1618,chr10,15950000,16750000,0.839360598501258,15850000,16850000,1.9927321189632359,1.2473851365890432
1620,chr10,16750000,18750000,0.870071881234073,16850000,18650000,1.378057917533418,0.6634300237872974
1622,chr10,18750000,20850000,0.7075451459919266,18650000,20850000,1.0927960978593254,0.6271301278541842
1623,chr10,20850000,22050000,1.1600718465500393,20850000,22050000,1.279578018743558,0.1414539560852528
1624,chr10,22050000,23150000,1.0279715349004155,22050000,23050000,1.681143254431479,0.7096423494112438
1626,chr10,23150000,24450000,0.8447708095744616,23050000,24550000,1.4365598409787228,0.7659862012485573
1633,chr10,28550000,29450000,1.549751746904759,28550000,29550000,1.9335803100669569,0.3192375569017984
1635,chr10,29450000,30650000,1.9127204423174062,29550000,30650000,1.2292622537699864,0.6378332923790258
1641,chr10,35650000,36950000,0.9790444500879868,35650000,36850000,1.586214317574406,0.6961414435707989
1645,chr10,43550000,44950000,1.5960634050809899,43550000,44950000,1.0765393312323843,0.5681169359265619
1654,chr10,52750000,55750000,0.6331103052072381,52850000,55650000,1.0900798961634164,0.7839050957923486
1656,chr10,55750000,58250000,0.617726224360418,55650000,58350000,1.1557333512049237,0.9037690962276773
1660,chr10,60750000,62350000,1.1746031568019513,60750000,62350000,0.9959866358391286,0.237975130828704
1661,chr10,62350000,63150000,1.2518799507923375,62350000,63150000,1.6406679416863714,0.39018705678807897
1662,chr10,63150000,63950000,2.1042921010716023,63150000,63850000,1.1533934008850217,0.8674503087840969
1667,chr10,67750000,69050000,0.7808655663385489,67750000,69050000,0.8913141320336345,0.19085978475529608
1676,chr10,75350000,77050000,1.1600164527749837,75250000,77150000,0.9764490918173743,0.24852853277881048
1678,chr10,77050000,78050000,1.9380157501600148,77150000,77950000,1.160636644625759,0.7396639107724459
1680,chr10,78050000,79450000,1.6567385710806812,77950000,79450000,1.182134922962409,0.48695126019386836
1687,chr10,84050000,86450000,0.7945647287488288,84150000,86450000,0.9134364078781374,0.20113954134103848
1691,chr10,89750000,90750000,1.0323026187298676,89650000,90850000,1.1512488233252482,0.1573337240390883
1702,chr10,99650000,100950000,0.996166177019744,99650000,101050000,0.9048544968897053,0.13870060631395628
1712,chr10,109750000,112350000,0.6561362729673471,109850000,112350000,1.0149081491029601,0.6292817825236621
1713,chr10,112350000,113650000,1.3932785635286706,112350000,113650000,1.025578075267134,0.4420464047622112
1719,chr10,116550000,117350000,1.470005674012218,116450000,117350000,1.366884971959947,0.10492988333367502
1720,chr10,117350000,118450000,1.1883514263861115,117350000,118450000,0.9313094173005378,0.351629069553158
1723,chr10,119950000,120850000,1.033947080614419,119950000,120850000,0.8993776528402296,0.20116340525311677
1733,chr10,128250000,130150000,1.1399725009278787,128150000,130150000,1.003392600727636,0.18411281883674405
1734,chr10,130150000,131850000,1.0814141402966984,130150000,131850000,0.8259299475597696,0.3888277982851303
1742,chr11,10850000,11750000,1.6194642341306107,10850000,11850000,0.9285529782095772,0.8024604765675676
1748,chr11,16750000,18950000,1.423443789837193,16750000,18950000,0.7438713549232235,0.9362604754265043
1756,chr11,27650000,29450000,0.9361891084990908,27650000,29350000,0.9979260849780457,0.09213298004558755
1758,chr11,29450000,30250000,0.8249310321386488,29350000,30250000,1.1483143942131198,0.47717227420773006
1766,chr11,34850000,35450000,2.153010247158575,34850000,35450000,1.1352029328597155,0.9234049641672083
1767,chr11,35450000,36750000,1.220395752126665,35450000,36650000,1.006367029635342,0.2781925005381755
1775,chr11,43350000,45850000,1.4875055915270181,43350000,45750000,0.8014336531896205,0.8922400948139679
1786,chr11,60750000,62950000,1.6038509397720844,60750000,62950000,0.8105036175481066,0.9846495353566579
1794,chr11,70250000,72750000,0.6244877498442484,70350000,72650000,0.7551005090644436,0.27399541810542527
1798,chr11,75650000,78550000,1.2482407021153168,75650000,78650000,0.7160532850275904,0.8017573057815531
1800,chr11,78550000,81450000,0.92338963454694,78650000,81350000,0.6193623923712623,0.5761557522355588
1802,chr11,81450000,82650000,0.9524466998106432,81350000,82750000,0.8427365721311512,0.1765566247275884
1807,chr11,84650000,85650000,0.8788957078723918,84550000,85650000,0.9831108911457548,0.16166217477025213
1819,chr11,95750000,96450000,2.0789082451384657,95750000,96350000,1.106106208678678,0.9103361644251939
1825,chr11,99050000,99750000,0.8746579352354654,98950000,99750000,1.2171522150416518,0.4767187830460753
1830,chr11,103050000,105950000,0.6973460158977648,103050000,106050000,1.4872358664505498,1.0926868788282351
1837,chr11,109850000,112150000,1.4913686013209475,109950000,112150000,1.5067943053043529,0.01484561293465936
1841,chr11,113850000,114550000,0.9796340076279436,113750000,114550000,1.6968514644090362,0.7925455201512581
1842,chr11,114550000,116750000,1.057311991373141,114550000,116650000,1.3748114287582014,0.3788326002902284
1844,chr11,116750000,117350000,1.8979726919505875,116650000,117350000,1.9474537170672326,0.037129806792735295
1845,chr11,117350000,118450000,1.3933260287879499,117350000,118450000,1.4697049518464134,0.07699368006402248
1860,chr11,128950000,129850000,1.019530064910368,128850000,129850000,1.318337951008041,0.3708159276403798
1861,chr11,129850000,130950000,1.1377267682417658,129850000,130950000,1.1068452584423378,0.039700586096452786
1862,chr11,130950000,131650000,1.4998757017399118,130950000,131650000,1.437737399774494,0.061042752003284365
1863,chr11,131650000,133050000,0.7778063892179029,131650000,133150000,1.4359388229260428,0.8845112947357748
1865,chr11,133050000,133850000,1.106035043335629,133150000,133850000,1.3919281396069334,0.33168763551520725
1866,chr12,1750000,2750000,1.536818604162822,1750000,2850000,1.0136881406429732,0.6003330109266438
1872,chr12,5950000,7050000,1.6871150086884017,5850000,7150000,1.0246122629835293,0.7194802600585795
1874,chr12,7050000,8350000,0.7812396442805785,7150000,8350000,0.7873994139185562,0.011330477513007017
1885,chr12,16050000,18050000,0.837267383204387,15950000,18050000,1.1933018116273921,0.5111986483631411
1893,chr12,24850000,26050000,0.8463063424954695,24850000,26050000,0.6797402067040448,0.31619651781125535
1896,chr12,27750000,29450000,1.252586511102965,27750000,29450000,0.8951598507759302,0.48469301209203164
1901,chr12,32850000,34050000,0.8521674678926271,32850000,34150000,1.133931508825846,0.4121246201974958
1903,chr12,34050000,38250000,,34150000,38150000,,
1905,chr12,38250000,39150000,0.7428666394426507,38150000,39250000,1.0274071211451767,0.46783283411623383
1907,chr12,39150000,40350000,0.7152664584681814,39250000,40250000,0.7540159295091673,0.07611421279358417
1913,chr12,43350000,44050000,0.8245005451329478,43350000,43950000,1.3066655052951726,0.6642975187058628
1915,chr12,44050000,45050000,0.8101193856493606,43950000,44950000,0.9636246041572423,0.2503366995705628
1917,chr12,45050000,46050000,1.0472227146472188,44950000,45950000,0.8044083570015466,0.3805683203249725
1921,chr12,48750000,51950000,1.4365769936585349,48750000,52050000,1.2781026189603522,0.1686316414649134
1923,chr12,51950000,52950000,1.5753031632943983,52050000,53050000,1.0745496791639588,0.5518973147452204
1928,chr12,54550000,55650000,0.6258598193463712,54450000,55750000,0.6886812665770706,0.1379968763622967
1930,chr12,55650000,57850000,1.236718817017907,55750000,57850000,1.5473214537780915,0.3232554222878496
1931,chr12,57850000,59250000,1.0681257471222352,57850000,59250000,0.9038737551528883,0.2408883116931211
1947,chr12,69750000,71950000,0.7565105544760403,69750000,71850000,1.1718648929642848,0.6313741321816664
1949,chr12,71950000,74550000,0.8431811979391539,71850000,74650000,1.0418054768806229,0.3051713247677822
1951,chr12,74550000,75350000,0.894368823572143,74650000,75450000,1.6389945950151306,0.8738692929373935
1958,chr12,79350000,81350000,0.6868772777945877,79350000,81450000,0.9383903714823342,0.4501358501422814
1960,chr12,81350000,82450000,0.9059431068217014,81450000,82450000,1.701696084332527,0.9094810437864268
1964,chr12,85950000,88050000,0.7479077936139277,85950000,88050000,1.2098460180089645,0.69389111913292
1969,chr12,92750000,93450000,2.336684677634589,92750000,93450000,1.5130832703944066,0.6269716773116132
1975,chr12,96650000,98350000,0.9189723013690497,96550000,98450000,1.4281141810402105,0.6360180476034251
1981,chr12,102850000,103650000,0.8596062277749187,102850000,103750000,1.450127135737847,0.754431549814756
1983,chr12,103650000,105250000,1.3671389715146993,103750000,105150000,0.9707811050272817,0.4939419685684745
1985,chr12,105250000,106250000,1.5061154434905297,105150000,106250000,1.0307430873175,0.5471475707571066
1986,chr12,106250000,107050000,1.531887395182545,106250000,107050000,0.8681880529874414,0.819230777508505
1987,chr12,107050000,107750000,1.4957930524806269,107050000,107650000,1.180812481373952,0.3411307116786587
1989,chr12,107750000,108550000,1.2466633060941177,107650000,108450000,0.7212251820304812,0.789550205024462
1995,chr12,111350000,112450000,1.2182410998970374,111450000,112450000,1.1998217126808373,0.021979637956188656
1999,chr12,114550000,115850000,1.2911872263722461,114550000,115850000,1.222733993483941,0.07858763248843834
2000,chr12,115850000,117150000,1.762219671626984,115850000,117250000,1.4954728435850944,0.23679206368893585
2002,chr12,117150000,117950000,1.5355535804574458,117250000,118050000,1.1778188602907669,0.3826411729648286
2004,chr12,117950000,120050000,0.9674637091606869,118050000,120050000,1.221818349966372,0.3367503629207543
2005,chr12,120050000,121350000,1.97114849072715,120050000,121250000,1.0593242902121516,0.8958921535216489
2016,chr13,21650000,23250000,1.0002423218284286,21650000,23350000,1.197780153358373,0.2600135787137616
2022,chr13,26850000,28050000,0.8417532698758777,26850000,27950000,0.711153018990038,0.24323740202486283
2024,chr13,28050000,29350000,0.7792014118060343,27950000,29350000,0.8788469785498597,0.173615699344232
2025,chr13,29350000,31150000,1.3926553529091164,29350000,31150000,0.8066455612717993,0.7878314714313386
2026,chr13,31150000,31850000,1.4158354534047348,31150000,31850000,1.2689854256932747,0.1579781070696287
2027,chr13,31850000,33850000,1.8115738501374956,31850000,33750000,1.1081487473609006,0.7090920714494464
2029,chr13,33850000,35150000,1.1157048229666435,33750000,35250000,0.8975186798850924,0.3139415193789903
2031,chr13,35150000,35850000,0.9991973517815764,35250000,35850000,1.1721539162890564,0.23032046499527492
2032,chr13,35850000,36950000,0.871712352256973,35850000,37050000,0.8210074799915854,0.08645678676067235
2034,chr13,36950000,38950000,0.9535896209455097,37050000,38950000,1.3383454155175645,0.489010072876458
2035,chr13,38950000,39750000,1.7061345763819287,38950000,39750000,1.2965509237831616,0.3960525768642061
2036,chr13,39750000,40950000,1.7498944148717144,39750000,40950000,1.0882778285598114,0.6852209633236597
2037,chr13,40950000,42250000,1.5099778583357182,40950000,42350000,0.8219937102311956,0.8773281348650066
2039,chr13,42250000,43850000,1.410014332950268,42350000,43850000,0.9292573153624701,0.6015597823257179
2040,chr13,43850000,45550000,2.368049314443889,43850000,45450000,1.0453530494229906,1.1797088560662878
2042,chr13,45550000,46850000,1.0213795835653496,45450000,46850000,0.9566018445466913,0.09452864802476349
2043,chr13,46850000,47950000,1.3356520165874493,46850000,48050000,1.1471971573517339,0.21943083066306404
2054,chr13,60450000,62050000,0.8225037794894631,60350000,62050000,1.2239274582919744,0.5734238392784282
2058,chr13,65650000,67250000,0.9471735810798059,65650000,67250000,1.027652427266789,0.1176516520816084
2063,chr13,72750000,73650000,0.9172468822191903,72750000,73750000,1.128359282926011,0.2988445112496261
2070,chr13,79350000,81050000,0.9320184082292186,79350000,80950000,1.4063642980094688,0.5935399969347432
2072,chr13,81050000,84850000,0.7079533738108266,80950000,84850000,1.2966047187295475,0.8730124765563955
2073,chr13,84850000,85950000,1.0952162718429517,84850000,85950000,1.519263014169146,0.47215586394476566
2082,chr13,94450000,96050000,1.1488370513662547,94550000,95950000,1.3319237810391684,0.21333734329537032
2084,chr13,96050000,96950000,1.3817616688698233,95950000,96950000,1.253008145025974,0.1411130032982681
2085,chr13,96950000,97850000,0.880250766836436,96950000,97850000,0.9850965604168035,0.16235056739917328
2090,chr13,100650000,101850000,1.1338568839592895,100550000,101850000,0.93698354079896,0.2751429433978839
2096,chr13,107150000,108250000,0.9186070947760244,107250000,108250000,0.935220902994342,0.025859249587070556
2100,chr13,110250000,111450000,1.9148688354843768,110150000,111350000,1.2126094043509827,0.6591306575705473
2102,chr13,111450000,112550000,1.879975196909058,111350000,112450000,1.127604535805989,0.7374524418142407
2103,chr14,20150000,20950000,1.5039135525307064,20250000,21050000,0.8992622910764106,0.7419077625733989
2105,chr14,20950000,21650000,1.2563338077178843,21050000,21650000,1.1681115772296107,0.1050417529780652
2119,chr14,34450000,35850000,1.3514844755137787,34450000,35850000,0.9006060946571374,0.5855767937945064
2120,chr14,35850000,37150000,0.7870503172983966,35850000,37150000,0.5926765170046868,0.40921097606585766
2129,chr14,49550000,51050000,1.8020503830132408,49550000,51150000,1.0550400159377877,0.7723416285875354
2131,chr14,51050000,53250000,1.3686347845714921,51150000,53150000,0.8907122179738485,0.6197062309391892
2135,chr14,55150000,56550000,1.0146370523382955,55150000,56450000,0.9102415284620745,0.15664243681974133
2137,chr14,56550000,57250000,1.069865955087835,56450000,57250000,1.1897168503705282,0.153188205790315
2144,chr14,61350000,61950000,1.999992913263078,61350000,61950000,1.3696809926652858,0.5461549684480327
2145,chr14,61950000,63250000,0.9330621371863947,61950000,63350000,1.1252084270204785,0.2701471970466377
2147,chr14,63250000,65050000,1.4147594568141901,63350000,65050000,1.0954405457806928,0.36904559574497137
2153,chr14,69650000,70950000,1.1187823502892018,69650000,71050000,0.8485113097400117,0.3989236048300256
2165,chr14,78850000,80050000,1.172255072691687,78850000,80150000,1.0934233864565936,0.10043438427684005
2167,chr14,80050000,81550000,0.5920596332404164,80150000,81550000,0.8083433745149144,0.4492257687886162
2175,chr14,88550000,89950000,1.6100148009798214,88650000,90050000,1.1998737417978436,0.42419134675231973
2192,chr15,26850000,27950000,1.0433767331525792,26950000,27950000,0.9867696428846587,0.08047492919781442
2209,chr15,45750000,47150000,0.6064410657148268,45750000,47250000,0.9772224255743751,0.688319521116439
2211,chr15,47150000,48250000,0.9985772352986273,47250000,48350000,0.9849433964378109,0.01983320079785816
2218,chr15,52750000,53850000,0.7162419066408444,52750000,53750000,1.012471870480812,0.49936298916732486
2220,chr15,53850000,55150000,0.7671958932642107,53750000,55250000,1.1029705642041001,0.5237273863045174
2230,chr15,64150000,65350000,1.5040116285794518,64150000,65350000,0.9475856234064483,0.6664875060012426
2231,chr15,65350000,66450000,1.050476036905436,65350000,66550000,0.8881891585919214,0.24210438541667026
2235,chr15,69450000,70650000,1.6823395546843962,69450000,70650000,1.1763881417979845,0.5161047742743237
2240,chr15,73750000,75950000,1.4097026652737046,73850000,75950000,0.9408693308065029,0.5833246226686588
2241,chr15,75950000,76950000,1.1316638868706705,75950000,76950000,0.9261669688255681,0.28910131970485614
2242,chr15,76950000,77750000,2.130659819252011,76950000,77750000,1.2027065135308443,0.8250156344995184
2246,chr15,80350000,81050000,1.376266725898615,80350000,81150000,1.2916125104710658,0.09158677712594208
2248,chr15,81050000,82450000,1.3537684343272434,81150000,82450000,1.0819871333187903,0.3232976400619457
2249,chr15,82450000,85250000,1.009051198721447,82450000,85250000,1.0115231281663248,0.003529929172359904
2250,chr15,85250000,85850000,1.5243829928074113,85250000,85850000,1.1867637868874716,0.3611926075737108
2253,chr15,88350000,89450000,0.8598876192952631,88350000,89450000,1.0382967724244228,0.2719988345941902
2262,chr15,96350000,98450000,0.6907901091413433,96250000,98450000,1.065439652736685,0.6251295487997633
2263,chr15,98450000,99150000,1.473419585646231,98450000,99150000,1.138256327054217,0.3723428464291253
2264,chr15,99150000,99850000,1.6310083138836184,99150000,99850000,1.1495692157325437,0.5046708024930655
2270,chr16,8550000,9250000,0.898388528166616,8450000,9250000,1.2465648345324873,0.4725465094571918
2271,chr16,9250000,10850000,1.064102232890908,9250000,10850000,0.8388112784597869,0.3432185986157502
2272,chr16,10850000,12050000,1.5066008171940621,10850000,12150000,1.528035837816696,0.020381163070795925
2274,chr16,12050000,13850000,0.6858040533352631,12150000,13850000,0.9170668747808876,0.41923051142379614
2281,chr16,23550000,24450000,0.8418393706613504,23550000,24550000,0.9400414405421347,0.15917937519294229
2289,chr16,30950000,46750000,,30950000,46650000,,
2294,chr16,49350000,50050000,1.4452267496246194,49350000,50050000,1.0943226853039338,0.40125765141571024
2295,chr16,50050000,50850000,1.1553339701673375,50050000,50850000,1.1242721658436754,0.03931862093839231
2296,chr16,50850000,52150000,1.1123972583631556,50850000,52050000,1.2380924385444338,0.15444693906558643
2298,chr16,52150000,53550000,0.5956512163690283,52050000,53550000,1.0584018606867829,0.8293477902098442
2301,chr16,56450000,58850000,1.1568757503852727,56450000,58750000,1.4833556945116246,0.3586306578793211
2306,chr16,62150000,63250000,0.6544784796200599,62150000,63350000,1.0492135461077583,0.680890679310324
2308,chr16,63250000,65050000,0.831890849610112,63350000,65150000,0.9404228354148824,0.17691532279046915
2310,chr16,65050000,66350000,0.939715200366431,65150000,66350000,1.0281096978984385,0.12969871599860833
2314,chr16,68350000,69250000,1.2083452438412192,68250000,69250000,1.2405982427238869,0.03800327154160701
2317,chr16,72050000,74250000,1.0191483797758647,72050000,74350000,1.0946047539584545,0.10304591586905579
2321,chr16,77150000,78050000,0.7080913682628793,77150000,78150000,0.6733564476885129,0.07256511835948701
2328,chr16,81850000,83850000,1.165473581848703,81750000,83750000,0.7419578349862205,0.6515071960172132
2339,chr17,3650000,5450000,1.2135105693634027,3650000,5550000,1.329735920305316,0.13195308724980506
2347,chr17,9650000,10650000,0.9397118631539487,9750000,10750000,0.8308024954354849,0.17771291223358074
2357,chr17,20950000,28550000,,21050000,28550000,,
2358,chr17,28550000,30850000,1.3094727876498051,28550000,30850000,1.0134546445905581,0.36970455420953463
2379,chr17,51250000,54850000,0.583823904129701,51250000,54950000,0.8713290042526669,0.5776842856181743
2383,chr17,56950000,58350000,1.1355311572729483,56950000,58450000,0.844617681073211,0.42699693829334934
2385,chr17,58350000,59150000,1.046119383012597,58450000,59150000,1.259264218847964,0.2675335199688546
2399,chr17,69450000,70650000,0.6860408917070724,69450000,70750000,0.879950796073612,0.3591282839864434
2401,chr17,70650000,72650000,0.8464963392237849,70750000,72650000,1.0064183400319962,0.24965438376515806
2402,chr17,72650000,73350000,1.2320257827755414,72650000,73250000,1.446983455594185,0.23201597876141902
2404,chr17,73350000,74750000,0.8009702065048326,73250000,74750000,0.6377056179679094,0.32885798915094394
2407,chr17,77450000,78950000,1.292732027276309,77450000,78950000,1.040079991954448,0.3137287578364262
2408,chr17,78950000,79650000,1.4826430493359597,78950000,79750000,1.2500185518093974,0.24622180012155012
2411,chr18,2550000,4050000,1.2139788610782285,2650000,4050000,1.0241191556716636,0.2453597184354658
2412,chr18,4050000,5150000,1.0072692172318423,4050000,5050000,1.1637252801208997,0.20830119207597653
2424,chr18,13050000,13750000,1.867940414777033,12950000,13750000,1.3107089902231148,0.5111010282409854
2425,chr18,13750000,21950000,,13750000,21850000,,
2427,chr18,21950000,22750000,1.6575883623740377,21850000,22850000,1.1947568112845295,0.4723687868903572
2431,chr18,24450000,26050000,1.4212115965699776,24450000,26050000,0.9291791958901053,0.6130926076882426
2440,chr18,36750000,40350000,0.9497092632837866,36850000,40250000,1.0262158210358816,0.11177634211472581
2442,chr18,40350000,41950000,0.6905304428043578,40250000,41950000,0.954697589684478,0.46733879826140085
2443,chr18,41950000,43550000,0.8780544200108755,41950000,43550000,0.8632318226283231,0.02456230774034079
2448,chr18,47850000,48550000,1.6351102230128622,47850000,48550000,1.2202791733861484,0.4221766484219243
2449,chr18,48550000,49450000,2.0109280297032393,48550000,49450000,1.0572606425944364,0.9275303662051203
2454,chr18,54150000,55150000,1.0503856278278365,54250000,55150000,1.2755838877139363,0.2802386982686635
2455,chr18,55150000,56650000,1.1480379363734237,55150000,56650000,1.0962181992412727,0.06663532458703592
2456,chr18,56650000,57550000,1.0593905542439999,56650000,57650000,1.5416874540879804,0.5412757672676811
2460,chr18,59950000,60650000,1.0773704620302682,59950000,60650000,1.5455792740568564,0.5206332362735672
2461,chr18,60650000,61450000,1.2074603448413666,60650000,61450000,1.3946071381236251,0.20788296185980681
2462,chr18,61450000,62250000,1.6236350272769384,61450000,62250000,1.4042027381954305,0.20947612289738468
2473,chr18,72650000,74550000,1.1218109931145677,72650000,74550000,1.1261563731498037,0.005577541854043611
2474,chr18,74550000,76350000,1.144188933192506,74550000,76250000,0.936569411621618,0.2888674700719887
2505,chr19,29550000,30650000,0.7435199470357435,29650000,30550000,0.8301716424861608,0.15903820512650968
2512,chr19,36150000,37850000,1.1522231300281132,36150000,37750000,0.8343144420079636,0.4657570004287245
2514,chr19,37850000,39550000,1.1294366708315369,37750000,39550000,1.3513379837677821,0.25878517394403966
2518,chr19,42550000,43450000,1.034105753835087,42550000,43450000,0.695367519614864,0.5725361458677878
2519,chr19,43450000,45850000,0.8641716077644626,43450000,45750000,0.993159782954795,0.20070800999125926
2523,chr19,48550000,49950000,1.8970701823999312,48550000,49950000,1.926854029022513,0.022474230341106318
2524,chr19,49950000,51850000,0.8537144085725131,49950000,51750000,1.8020412528801277,1.0778066044579797
2530,chr19,55050000,55650000,1.8434040316306763,54950000,55650000,1.9623844694804191,0.09023541031954056
2531,chr19,55650000,57150000,0.7737180570126583,55650000,57250000,1.079077485885717,0.4799186159741387
2535,chr20,4050000,5250000,0.985883977532067,4150000,5250000,1.1505416074670822,0.22282337720235207
2536,chr20,5250000,6150000,1.703961422637418,5250000,6150000,1.8062586114468564,0.08411179217322307
2537,chr20,6150000,7950000,0.99416021285949,6150000,7950000,1.3356679600167025,0.4260111343732013
2538,chr20,7950000,8750000,1.2174331556117413,7950000,8750000,1.0793124852539477,0.1737299438793058
2548,chr20,16750000,17450000,1.0440772790684676,16750000,17450000,1.4186522697054567,0.44229250997019787
2549,chr20,17450000,18450000,0.7616710751599882,17450000,18350000,1.4551737669261564,0.9339514254284831
2568,chr20,41750000,43450000,0.852864174380323,41750000,43450000,0.8102600226835251,0.07393103743470496
2569,chr20,43450000,44950000,1.0865091018102155,43450000,44950000,0.9429438885928354,0.2044564315338303
2570,chr20,44950000,45850000,1.0723314253896632,44950000,45850000,0.9790208448995218,0.13133938583549137
2571,chr20,45850000,46650000,1.493337987235746,45850000,46650000,1.4591139857283597,0.03344813690381901
2576,chr20,50050000,50850000,2.1326574203876247,50050000,50850000,1.2459728007968178,0.775379661728588
2577,chr20,50850000,52250000,1.3380510448319363,50850000,52250000,1.0209996970024893,0.3901507158139722
2578,chr20,52250000,53450000,0.8936839318770327,52250000,53450000,0.7900582093219454,0.17780573437271452
2579,chr20,53450000,54050000,1.6085682837906923,53450000,54050000,1.4767849283216883,0.12331744534961316
2580,chr20,54050000,54750000,1.1843276638363616,54050000,54650000,1.1619618996883048,0.02750551756880373
2582,chr20,54750000,56350000,0.6354883992923906,54650000,56350000,0.8414244562377396,0.40496796167711896
2583,chr20,56350000,57450000,1.1242672262123372,56350000,57550000,0.9177837922927097,0.2927587547427982
2585,chr20,57450000,58250000,2.0209959548096,57550000,58150000,0.9277235641332545,1.1232995426180608
2600,chr21,25450000,26750000,1.1201707055367887,25550000,26750000,0.9852915092126312,0.18509607498085737
2603,chr21,28950000,30050000,0.7845261177222866,28950000,29950000,0.8428768140923909,0.10350032074565657
2605,chr21,30050000,31050000,0.84893945558282,29950000,31050000,1.2988471184332646,0.6134980546532529
2606,chr21,31050000,31750000,1.4398170752975226,31050000,31650000,1.1445246781820055,0.3311369624250258
2611,chr21,33550000,34550000,1.555023224658992,33550000,34550000,1.1867014277571946,0.3899791267313618
2612,chr21,34550000,36050000,1.5972569214602474,34550000,36050000,1.2180722425216923,0.3909966909028354
2625,chr22,26450000,27950000,1.4471549350246355,26550000,27950000,0.9346103576043053,0.6307824569389023
2626,chr22,27950000,29350000,0.8738969900222745,27950000,29350000,0.9513103366651189,0.12245282104857455
2636,chr22,35250000,36450000,1.859311265198149,35250000,36450000,1.0022333860200403,0.8915498082297593
2640,chr22,38750000,39450000,1.4363660397654057,38650000,39450000,1.4839864941688152,0.047054513336503
2641,chr22,39450000,40150000,1.4486282984415926,39450000,40150000,1.2051887185866421,0.2654283897578772
2645,chr22,42550000,43250000,1.4181517724128916,42550000,43250000,1.423419387917333,0.005348851773886399
2657,chrX,8050000,8750000,1.290627257402871,7950000,8750000,1.8282584733649336,0.502397648534026
2658,chrX,8750000,10050000,1.5401890067602375,8750000,10050000,1.2188432402722602,0.3375948166242691
2664,chrX,14050000,15650000,1.1367739137736377,14050000,15750000,1.1771196933626673,0.05031567207087313
2666,chrX,15650000,16850000,1.5851376062094047,15750000,16750000,1.3467263980341106,0.23515130499374734
2670,chrX,18350000,19450000,1.05375090938855,18350000,19450000,0.8315942945455618,0.34158211100578756
2671,chrX,19450000,20350000,1.3336231305225612,19450000,20450000,1.2622410963284214,0.07936353107654169
2673,chrX,20350000,21850000,1.1897949668265342,20450000,21950000,1.7250701517053197,0.5359420513221437
2675,chrX,21850000,23750000,1.137237888115151,21950000,23650000,1.369847587711833,0.2684813150302134
2685,chrX,30950000,32350000,0.8687722042478354,30850000,32350000,0.8003465625782781,0.11835310106460947
2686,chrX,32350000,33450000,1.335511538718879,32350000,33450000,1.2390974830006716,0.10810274831305466
2687,chrX,33450000,34350000,1.0971742633942843,33450000,34350000,1.3889565991859427,0.3402088338914643
2688,chrX,34350000,38350000,0.8139659583475178,34350000,38450000,0.9956947371160001,0.2907350451732136
2690,chrX,38350000,40550000,1.5723949855263755,38450000,40550000,1.197949096803405,0.3923970615308451
2706,chrX,55150000,56750000,0.6878072516147595,55050000,56850000,0.9075219910903725,0.39992827653533997
2708,chrX,56750000,63950000,,56850000,63850000,,
2710,chrX,63950000,65450000,0.8897188917692237,63850000,65550000,0.7790728169272377,0.19159140834380045
2716,chrX,69450000,70150000,1.1817795106732516,69350000,70150000,1.2271804302145173,0.05438649030837472
2720,chrX,74650000,76350000,0.75551606252479,74550000,76250000,1.032874112557252,0.4511300951951452
2722,chrX,76350000,78150000,1.0791014841811235,76250000,78150000,1.2882811713616682,0.2556169509150765
2727,chrX,80550000,81450000,0.713371833630141,80650000,81450000,1.2064334493283884,0.7580221746558095
2728,chrX,81450000,83950000,0.7915391708546803,81450000,83850000,0.9612052797486434,0.28018382628745714
2745,chrX,104350000,106750000,1.1884029712590223,104250000,106850000,0.9730440240636938,0.2884471329477166
2747,chrX,106750000,108150000,1.0498622488316542,106850000,108050000,0.8564036931094138,0.2938371237700258
2752,chrX,109450000,111650000,0.7546880862540958,109550000,111750000,1.1348782517226024,0.5885851306931986
2757,chrX,113750000,115050000,0.9106811455604632,113850000,115150000,1.0558538012141765,0.21339216531415883
2764,chrX,123550000,124350000,1.1833199887217185,123550000,124250000,1.043807501884659,0.18098457852234062
2773,chrX,131050000,131750000,1.101072747021332,130950000,131750000,1.2696287960998005,0.2054969652320753
2774,chrX,131750000,132750000,1.2215167710733834,131750000,132750000,0.937814910274762,0.3812985498347444
2775,chrX,132750000,134350000,1.0738800492090592,132750000,134450000,1.0131174559417415,0.08403141252388423
2777,chrX,134350000,135050000,2.1883395060535045,134450000,134950000,1.4212465935671492,0.622679688578063
2779,chrX,135050000,137150000,1.373274991647498,134950000,137150000,1.1438881346928154,0.2636745748806959
