,chrom,start_1,end_1,start_2,end_2,mean_intensity_1,mean_intensity_2,log2_intensity,pvalue
0,chr1,3850000,5950000,3950000,5950000,1.1192904302032805,1.229565805859487,-0.1355645182748078,0.8101222505273424
166,chr1,5950000,6550000,5950000,6550000,1.6128416237579433,1.3445705213878776,0.262459351977604,0.48839163240633376
332,chr1,6550000,7850000,6550000,7850000,1.8633403950601302,1.4121648974174235,0.39998268906936585,0.3659348660396563
666,chr1,10450000,11050000,10450000,11050000,2.3285680064381125,2.4475246511355286,-0.07188037347064605,0.7682678457328908
832,chr1,11050000,11750000,11050000,11850000,1.943849963857222,2.26702693559737,-0.22188466374638022,0.8588455255744436
998,chr1,11750000,14050000,11850000,14050000,,,,
1993,chr1,19050000,19750000,19150000,19750000,2.456498390628322,1.2294737621635161,0.9985623467758055,0.043880132116265735
2159,chr1,19750000,20650000,19750000,20650000,1.5920130365706138,1.0579642687281132,0.5895612465192097,0.2192121288190546
3156,chr1,28650000,29250000,28750000,29250000,1.3641118363196476,1.8195409391848465,-0.41561258364547465,0.9353444892259881
3322,chr1,29250000,30650000,29250000,30650000,1.5384082246836162,0.8198894048368345,0.9079371584517647,0.06671432629534646
3655,chr1,33650000,34750000,33650000,34650000,1.1627529561731518,0.9502494802855127,0.29116637160750936,0.4623358597941484
3988,chr1,36550000,37950000,36450000,37950000,0.9383792281596683,1.4237138807511787,-0.6014162580787079,0.9738366082537111
4154,chr1,37950000,38950000,37950000,38950000,1.2944179158860327,1.3931944608087157,-0.10609316085742405,0.7913618301540093
4320,chr1,38950000,39950000,38950000,40050000,1.5828700883508597,1.1456364224084252,0.46639358831113786,0.31063589993307983
4486,chr1,39950000,40550000,40050000,40550000,1.7133585790150487,1.4847101469024644,0.20664580858036874,0.5390920256069642
4986,chr1,44150000,44750000,44150000,44750000,1.8633774254563307,1.399011931067894,0.4135116543257449,0.3543941533763344
6148,chr1,53250000,53850000,53250000,53850000,2.0061576124943485,1.2237291746004317,0.7131506465378272,0.14534103538215848
6314,chr1,53850000,55050000,53850000,55150000,1.6106592938987438,1.2851340257152994,0.3257325251358013,0.431185190842317
6480,chr1,55050000,56850000,55150000,56750000,1.1544036157820408,0.7754175628034362,0.5741024068449045,0.22976759076668052
6646,chr1,56850000,58650000,56750000,58650000,1.006006252469226,0.905022143614628,0.15261427486442689,0.5875831219371939
6812,chr1,58650000,59850000,58650000,59850000,1.5685600108787445,1.0539580591124222,0.5736232677529431,0.23009923676692812
7309,chr1,62850000,63550000,62850000,63550000,0.7200626328342254,1.0599973868011603,-0.5578664018146241,0.9671999778714028
7475,chr1,63550000,64250000,63550000,64250000,1.602728146807219,1.1731990489733073,0.45008193099046534,0.3238858490838763
8640,chr1,75750000,77050000,75850000,77150000,0.9952108660614041,0.9070797735697601,0.13377280255810126,0.6042212395703018
8973,chr1,78650000,79350000,78750000,79350000,0.9548532070838305,1.3658559397893377,-0.5164544622673207,0.9596581120603114
11296,chr1,98650000,99750000,98550000,99750000,0.7821880734087355,1.015827483614547,-0.37706796875148485,0.9234902813237037
11796,chr1,104650000,105850000,104650000,105950000,0.7210108556602762,1.233908007104089,-0.7751419534715802,0.9902676670771089
11962,chr1,105850000,107150000,105950000,107150000,0.7390540414179857,1.3231346994860633,-0.8402081735271497,0.9935197665668305
12957,chr1,113850000,114850000,113750000,114850000,0.8588192342520901,1.0137565815642133,-0.2392848733155496,0.8675356651847091
13123,chr1,114850000,116050000,114850000,116050000,1.1906560874044168,0.953072685467301,0.32109861146590096,0.435340801311214
13289,chr1,116050000,116550000,116050000,116550000,1.5895871374992485,1.3803445412520254,0.20362368763973054,0.5418266202050681
13455,chr1,116550000,118050000,116550000,117950000,1.0045801891217743,1.0751177518705435,-0.09790194944740625,0.7859597331562137
14287,chr1,153350000,155150000,153350000,155150000,1.1108431395601805,0.7681362200873195,0.5322210263252249,0.25974631369665524
14787,chr1,160450000,161050000,160450000,161050000,0.994432609421918,0.9426168912090329,0.07720207206743465,0.6529375332102125
14953,chr1,161050000,162450000,161050000,162450000,1.091119302126659,0.5977250792311823,0.8682548719668794,0.07923346968351119
15119,chr1,162450000,163450000,162450000,163350000,1.239169526678699,1.1085876797075098,0.16065069187976794,0.580436438654675
15285,chr1,163450000,165050000,163350000,165050000,0.894303600786286,1.1216216440669926,-0.3267495046075052,0.9056150482648406
15948,chr1,168250000,169850000,168250000,169850000,0.8189241324391853,0.9184358020540673,-0.16544907909427997,0.8280481578359817
16114,chr1,169850000,171550000,169850000,171550000,1.096969201531108,1.2085627734565862,-0.13976938821873375,0.8127117404430879
16777,chr1,175050000,176250000,175150000,176250000,1.2671231654966846,1.3205106152667045,-0.05953913649617036,0.7596003954234442
17440,chr1,180550000,181350000,180550000,181250000,1.099063534718096,1.0920375788802603,0.009252285367614363,0.7082162391309451
17606,chr1,181350000,182850000,181250000,182850000,0.7527472971672805,0.9291209812625683,-0.3037008400286563,0.8964677428331451
17772,chr1,182850000,184050000,182850000,184050000,1.4330773160607002,1.059603602506438,0.4355917928539376,0.33584704542358623
17938,chr1,184050000,184750000,184050000,184750000,1.515423305696552,1.2455422656315247,0.28294686225457816,0.4697846735522583
18435,chr1,186350000,187050000,186350000,187050000,1.1034735738137342,1.614253226005001,-0.5488148301351828,0.9656593343035312
18768,chr1,192450000,193150000,192350000,193150000,0.7113077288677352,1.1268578575414783,-0.6637598000021018,0.9813548575174439
19266,chr1,197450000,198750000,197450000,198650000,0.8333180273515927,0.9578110613705505,-0.20087390619514892,0.847847399334891
21254,chr1,211250000,213150000,211150000,213150000,1.5108137104050092,1.2208107522546994,0.30748620735348997,0.4475878361791793
21752,chr1,215650000,218250000,215650000,218250000,0.7961995899316445,0.940906500096491,-0.24092123797080847,0.8683335218837753
22581,chr1,222550000,223750000,222550000,223750000,0.7887927551104644,0.6892483281142248,0.19462243819280328,0.5499592636440264
22747,chr1,223750000,224450000,223750000,224450000,1.1164146754755653,1.0443288758478164,0.09629688295397756,0.6367291199100429
22913,chr1,224450000,225350000,224450000,225350000,0.6088241964496102,0.7539363785237502,-0.3084170888570183,0.8983899797027368
23079,chr1,225350000,226450000,225350000,226450000,1.0444991465516396,0.7404697876717705,0.4962985359877007,0.2869801600994988
23577,chr1,229650000,230450000,229550000,230450000,1.4118163357119176,1.1739328816415757,0.26620249323482953,0.4849889907484527
23743,chr1,230450000,231750000,230450000,231750000,1.029190323522409,0.9308790812825499,0.14484411516955475,0.5944655490261785
24076,chr1,233350000,234450000,233250000,234450000,1.0741829787043626,1.0415400937735952,0.044521389560229004,0.6800260459341372
24907,chr1,239950000,240750000,239950000,240750000,1.3459704159850847,0.9117086805743355,0.5620018833353417,0.2382247566972473
25073,chr1,240750000,241950000,240750000,241950000,0.8430501917061548,0.9284073770848479,-0.1391394605266372,0.8123252078827542
26272,chr2,6950000,8750000,6950000,8750000,1.129264782318492,1.074452467328465,0.07178213825358697,0.657489175282272
26449,chr2,8750000,10750000,8750000,10750000,2.0678778201006445,0.9315655946430451,1.1504216841664203,0.020009418407492152
26626,chr2,10750000,11750000,10750000,11750000,1.6203801446169461,1.3381214248054316,0.2761232761112447,0.47597660829896493
27512,chr2,17750000,18350000,17650000,18450000,1.3951735514860462,1.329296949057006,0.06978117464854003,0.6591638570065272
27689,chr2,18350000,19850000,18450000,19950000,1.67240887615121,1.7648248187573856,-0.07759737934431288,0.7722232065554189
28222,chr2,25750000,27650000,25750000,27550000,1.8502204333278651,1.4184061850194913,0.38342642986496656,0.38022380147354107
28753,chr2,30150000,30750000,30050000,30750000,1.4776736878721142,1.2175522108017138,0.2793440778414675,0.4730531375468817
29815,chr2,39850000,41750000,39950000,41750000,0.7871430834017769,0.8144405380973776,-0.04918346582205836,0.7521933112350271
29992,chr2,41750000,42750000,41750000,42750000,1.036153438547144,0.822917252634389,0.3324183852687726,0.42520294839122974
30878,chr2,48650000,50450000,48550000,50450000,0.7043996804019937,1.4033884040999354,-0.9944481871840803,0.9977194747932486
31942,chr2,60650000,61850000,60650000,61850000,1.4004872050335984,0.7506629275625731,0.8996916623411157,0.0691809666415294
32297,chr2,63550000,65650000,63550000,65650000,1.20249987475976,0.8873893623220942,0.43839757983035593,0.3335174485584531
37791,chr2,133850000,134950000,133950000,135050000,0.740223182650284,0.6768433612907415,0.12913832310427817,0.6082860691703196
37968,chr2,134950000,135850000,135050000,135750000,1.0272591609461108,1.4265691052791756,-0.4737494387524445,0.950464049753148
38323,chr2,136850000,137850000,136950000,137850000,0.9167710143711947,1.0999084806350254,-0.26275015124775936,0.8786602510117156
38500,chr2,137850000,138850000,137850000,138750000,0.8085591225711747,1.0959548256412035,-0.4387631589888376,0.941746491383811
38677,chr2,138850000,140050000,138750000,139950000,0.7254959344346364,1.305220856340286,-0.8472545109989513,0.9938064175228056
39386,chr2,146750000,147850000,146750000,147950000,0.9370592612902638,1.32511975398621,-0.49991055061462064,0.9562758336330296
39563,chr2,147850000,149050000,147950000,148950000,0.744334389207102,0.9373672247905708,-0.33266345975400996,0.9078630203207912
39740,chr2,149050000,149550000,148950000,149650000,1.2012104622414284,1.0811031280683194,0.15198479506724688,0.5881417183969724
40806,chr2,158850000,159950000,158850000,159850000,1.4930565806959069,0.9307135556466785,0.6818597136477242,0.1622416126113665
41338,chr2,163150000,164550000,163250000,164550000,0.9520302329696942,0.9298206439746438,0.03405493185760459,0.6885109337933042
41515,chr2,164550000,165950000,164550000,165850000,0.7729843614688855,0.7860957006937971,-0.02426573269438513,0.7338826639947005
41692,chr2,165950000,166550000,165850000,166550000,0.9880883346394485,1.089723661536101,-0.14125040542545428,0.8136185727724845
42577,chr2,170850000,171550000,170950000,171450000,1.3254738897955838,0.870068449290576,0.6073074421430729,0.2074456877118689
42754,chr2,171550000,172650000,171450000,172650000,1.2088070750576012,0.7750903064275941,0.6411476947138673,0.18607105891149045
43109,chr2,174450000,175150000,174450000,175150000,1.2753548208329197,0.9728000125491137,0.39068352755254976,0.37393908958232835
43642,chr2,177850000,178550000,177850000,178550000,0.9319277627807582,1.0303159010471161,-0.14479670858613225,0.8157789085825484
43819,chr2,178550000,179950000,178550000,180050000,0.9008765840767469,0.8557720445877642,0.0741029256617579,0.6555429379241754
43996,chr2,179950000,181050000,180050000,181050000,1.1419589332752322,1.0879907969638487,0.06984441669176221,0.6591109751206337
45942,chr2,196850000,197650000,196750000,197650000,1.340644356991331,1.3017726719327074,0.042449040008357156,0.6817137279469337
46119,chr2,197650000,198350000,197650000,198350000,1.2670022614878478,1.375624182849794,-0.11866728356029459,0.7994962173206794
46296,chr2,198350000,199850000,198350000,199950000,0.823517300945487,1.0871227928985931,-0.4006440407456315,0.9309226468083637
47002,chr2,202350000,203950000,202250000,203950000,1.2660425713986734,1.1508206368563403,0.13766291976355835,0.6008004860843834
48242,chr2,212550000,213350000,212550000,213250000,1.1523268703870706,1.4100503421584933,-0.2911966598004135,0.8912438926508607
48419,chr2,213350000,215250000,213250000,215350000,0.9303632791754861,0.7425050485563424,0.32539332036957436,0.4314891311002669
48596,chr2,215250000,216050000,215350000,216050000,3.1944270643907102,1.3029626488280226,1.2937614724814128,0.008648036433382411
48773,chr2,216050000,216550000,216050000,216550000,1.4781564673335417,1.0921583822747178,0.4366169034845704,0.3349951762719834
48950,chr2,216550000,218250000,216550000,218150000,1.9263455906973534,0.9897980417327809,0.9606604560918489,0.05251733924415991
49127,chr2,218250000,219750000,218150000,219750000,1.5128093613325346,1.0640948382631212,0.5076034580258868,0.278265318872859
49658,chr2,222550000,223850000,222550000,223850000,1.3975563102764903,1.5295161753381743,-0.1301689508976999,0.8067674248861185
51428,chr2,235150000,235750000,235050000,235750000,1.6036641171726613,1.6715049365331627,-0.05977561062556993,0.7597681178555655
51605,chr2,235750000,236250000,235750000,236250000,1.8218596910663194,1.5130578634760736,0.2679446943003284,0.4834056288273696
51782,chr2,236250000,237050000,236250000,237050000,1.6743008104293124,1.4643364701458559,0.19331166137857658,0.5511418869267086
52137,chr2,238350000,238950000,238350000,238950000,2.0549764634862577,1.1786423563493342,0.8019958524780009,0.10398204419006718
52314,chr2,238950000,240050000,238950000,240050000,1.574994642443544,1.168607416743712,0.43055657039244566,0.34004351104659947
52469,chr3,3150000,4250000,3150000,4250000,0.9579484863304422,0.7490385984433212,0.35490801352912077,0.4052138392830915
52621,chr3,4250000,5250000,4250000,5150000,1.2418680209853972,0.7064722729192002,0.813807014884363,0.09920207225937694
53078,chr3,10250000,11250000,10350000,11250000,1.348893677250108,0.7254124552891676,0.8949032147666566,0.07064534608327322
54142,chr3,17950000,18450000,17850000,18350000,1.1324343501519685,0.8943707510808361,0.3404825032100087,0.41801046558442534
54447,chr3,20350000,22150000,20250000,22050000,0.8792952941636155,0.9631121850931491,-0.13135610793534802,0.8075086563003102
54903,chr3,23850000,24750000,23950000,24750000,1.0991260104956406,1.0594266915730117,0.05307303313147508,0.6730225809398362
55055,chr3,24750000,25750000,24750000,25650000,1.6292977094934853,0.9253557240701187,0.8161702645612934,0.09826527149003206
55207,chr3,25750000,27150000,25650000,27250000,0.9602615761046959,0.9730628487246203,-0.019105538828321056,0.730006862429742
55359,chr3,27150000,27750000,27250000,27750000,1.3935094350034802,1.1270887570187107,0.3061216398427468,0.4488184923353048
55511,chr3,27750000,28450000,27750000,28350000,0.924255419021255,1.090584929608673,-0.23873862239095833,0.8672685846593922
56119,chr3,33850000,36050000,33850000,36050000,0.810404262929552,1.0720336520109746,-0.4036365256717089,0.9318248035667958
56575,chr3,37950000,39550000,37950000,39450000,1.3509917079931106,1.1516048252649365,0.23037308086475156,0.5175681462976212
56727,chr3,39550000,40250000,39450000,40350000,1.1238971530231805,1.4740181515688098,-0.39124426871854406,0.9280289698404013
58094,chr3,53250000,53950000,53250000,53850000,1.1092723768426433,1.81259750495232,-0.7084449477488219,0.9855353526927215
58703,chr3,58650000,61450000,58750000,61450000,0.8218915442493344,1.0998820425272584,-0.42032887400096014,0.9366912039405276
59160,chr3,63850000,64550000,63950000,64450000,1.4595556721040257,1.2356301811380572,0.24028222552376483,0.508560380838043
59312,chr3,64550000,65350000,64450000,65350000,1.2930471736575768,1.5276058490642048,-0.24049743973046944,0.868127205778854
59464,chr3,65350000,66250000,65350000,66250000,1.098528718209412,1.2993086685795714,-0.24217161767244502,0.8689409409848229
59616,chr3,66250000,66950000,66250000,66850000,1.7401842610336535,1.290369529928661,0.4314557982654679,0.33929260099398006
59768,chr3,66950000,67850000,66850000,67850000,0.6295004001933926,1.3731029668257293,-1.1251606147428739,0.999139300959181
59920,chr3,67850000,68950000,67850000,69050000,1.0727115427994092,1.7891015956799494,-0.737973133665644,0.9878315809073446
60072,chr3,68950000,69950000,69050000,70050000,1.1083528697021612,1.2597974665504994,-0.18477454531877882,0.8390449037677672
60377,chr3,71750000,72950000,71750000,72950000,1.615101108062671,1.638484455304214,-0.02073750285368528,0.7312356723249899
60529,chr3,72950000,73950000,72950000,73950000,0.7282385228742938,1.215415803652713,-0.7389669913955437,0.9879030308278994
60681,chr3,73950000,75150000,73950000,75150000,0.7490099270691716,1.161367823295664,-0.6327682237782566,0.977885520002717
61287,chr3,77250000,78550000,77350000,78650000,1.0038734002878116,1.411741278925602,-0.4918983783447791,0.9545574610466135
61439,chr3,78550000,79450000,78650000,79550000,0.8866027554839228,1.0072171914663943,-0.18401506131160641,0.8386215965061194
61591,chr3,79450000,81350000,79550000,81250000,0.8915321662235556,1.4681249437311095,-0.7196159970201044,0.9864445519905476
61743,chr3,81350000,83550000,81250000,83550000,0.6566957465804795,1.0169544522317087,-0.6309580485874533,0.9776670568393401
61895,chr3,83550000,85750000,83550000,85650000,0.7597611454642313,1.3595478333821822,-0.8395090721195455,0.9934906963571665
62350,chr3,87250000,88150000,87250000,88250000,1.038956767763947,1.4014093480304342,-0.4317428015790985,0.9398600062931898
63111,chr3,98450000,99750000,98550000,99750000,1.063379262868196,1.450014487850856,-0.4474110774533843,0.9440060681990375
64022,chr3,105450000,107150000,105550000,107150000,1.0943557064982044,1.0951806618894944,-0.0010871334456638206,0.7162556247282064
64174,chr3,107150000,107750000,107150000,107750000,1.3318093458839075,1.1841910039819095,0.1694857702172824,0.5725488715745117
64326,chr3,107750000,108550000,107750000,108550000,1.168171715118204,0.9487416011742553,0.3001652443124307,0.45419597349035934
64478,chr3,108550000,111550000,108550000,111550000,1.0414113227851052,1.2574619110304532,-0.27197470326153916,0.882848326024342
64934,chr3,115150000,115850000,115150000,115850000,1.3694307142372777,1.3476635871737084,0.023115869103041323,0.6972731348322873
66148,chr3,124650000,125750000,124550000,125750000,1.9329963514493596,1.3778359198879215,0.4884348200638784,0.2931174664382713
66603,chr3,127550000,128150000,127550000,128050000,2.3093805669169605,1.5164344635199383,0.6068227873147751,0.20776199169199416
66755,chr3,128150000,129450000,128050000,129350000,2.0044988639444257,1.2759860857468455,0.6516290028140381,0.17973794789274034
66907,chr3,129450000,130150000,129350000,130050000,1.8532967212360674,1.4747432787724348,0.329630047881305,0.4276958314799292
67059,chr3,130150000,130850000,130050000,130950000,1.2480808364325027,1.3984890185209913,-0.1641575467108149,0.8272965224914993
67515,chr3,133450000,134550000,133550000,134550000,1.5870321048459293,0.9468417928338697,0.7451360214620961,0.129333046852127
67667,chr3,134550000,135950000,134550000,135950000,1.0253523496807724,1.1187358267192107,-0.12574964568985234,0.8039928408791261
67819,chr3,135950000,137150000,135950000,137150000,1.7557234013576952,1.3697774884843128,0.3581240232559096,0.40237421996519374
67971,chr3,137150000,137950000,137150000,138050000,1.244687564489326,1.1271905417681953,0.14305223815023946,0.5960486531334205
68123,chr3,137950000,139450000,138050000,139450000,1.5898962484886667,1.3300287840277578,0.25747515457030323,0.4929237054123311
68275,chr3,139450000,140850000,139450000,140850000,1.0783207103479266,0.9174814059010057,0.23303549814367677,0.5151486038145485
68427,chr3,140850000,142450000,140850000,142450000,1.535655824123026,1.3104292936549309,0.22881539825804054,0.5189834375394786
69489,chr3,149850000,151250000,149850000,151250000,0.9935596934946341,0.8065238281903312,0.30088949037808,0.45354164975980593
69641,chr3,151250000,151950000,151250000,151950000,1.299853724359309,1.1761215206493054,0.14431215071658485,0.5949356964697947
69793,chr3,151950000,152550000,151950000,152550000,1.7753561084921816,1.1410749785452057,0.6377148432153996,0.18817500067130744
70250,chr3,155950000,156550000,156050000,156550000,1.379235057350222,0.9779624959331864,0.4960173052108384,0.2871985958695853
70402,chr3,156550000,157550000,156550000,157550000,0.9467151482624093,1.0086881941836603,-0.09147796550280896,0.7816667342173504
70554,chr3,157550000,158650000,157550000,158650000,0.9898534269692923,0.9482397631636029,0.061963021417089384,0.6656768823114722
70860,chr3,160550000,161450000,160550000,161550000,1.1721889450577587,0.78005546047267,0.5875565307899562,0.2205650352516788
71469,chr3,168950000,169750000,168950000,169750000,1.2348358868004765,1.0625498382261664,0.216788804745007,0.5299012565864796
71621,chr3,169750000,170950000,169750000,170950000,0.8369561114569141,0.7701208364703005,0.12006714143418515,0.6162077599957115
71773,chr3,170950000,171650000,170950000,171550000,1.4715164697728655,0.8706441778028653,0.7571485579361871,0.12364910668534668
71925,chr3,171650000,172850000,171550000,172750000,1.8135937649238476,0.9626170793932923,0.9138174103627061,0.06499722536622665
72230,chr3,176850000,178350000,176950000,178450000,1.6809953244259301,1.0191514277792806,0.721947285562753,0.14081121112055528
72382,chr3,178350000,179750000,178450000,179650000,0.9874410829260579,0.8946670492341958,0.14234378768388248,0.5966741293663248
72534,chr3,179750000,180650000,179650000,180650000,0.9847281251652182,0.8927376713968895,0.14148915854558705,0.5974283345936582
73296,chr3,187250000,187750000,187250000,187750000,1.2407639614010264,1.0285461394084774,0.2706221753377567,0.48097277660179827
73448,chr3,187750000,189150000,187750000,189150000,1.8385913315035616,0.7662053154102662,1.2627979044446604,0.01045074065450835
73904,chr3,192450000,193650000,192550000,193650000,1.0876553496165586,1.1469293005503447,-0.07655498739146172,0.7715048634890428
74056,chr3,193650000,194550000,193650000,194550000,1.952229449098044,1.1032354468176786,0.8233819091316938,0.09544663000853937
74806,chr4,12650000,13550000,12650000,13650000,1.2119652000175616,1.0776462855960314,0.1694645524032882,0.5725678500066815
75093,chr4,16350000,17450000,16350000,17550000,1.3285793007592845,0.7998979066807377,0.7319965610855357,0.13575473557820938
75236,chr4,17450000,18650000,17550000,18650000,1.0009118228573615,0.7424109255571644,0.4310250360383553,0.33965223428597424
75379,chr4,18650000,20750000,18650000,20750000,1.2888078052737957,1.0460399618148868,0.3010991685811057,0.4533522383977504
75951,chr4,24450000,25350000,24550000,25350000,1.250653198983138,0.989322371211902,0.3381691858872467,0.42007104855618116
76379,chr4,27150000,27650000,27050000,27650000,0.9593277437079598,1.320837120997658,-0.46135688627876864,0.9475036383565366
76953,chr4,36350000,37450000,36250000,37450000,0.879902481484157,1.0441535419859318,-0.24691832912288525,0.8712291967384662
77096,chr4,37450000,38750000,37450000,38750000,1.0730010487240873,0.7128702765870183,0.5899400125743208,0.21895705086203943
78382,chr4,48950000,53050000,49050000,52950000,,,,
78525,chr4,53050000,54350000,52950000,54350000,1.8293702244714651,1.0609724403120542,0.7859598930442756,0.11073601003871003
78812,chr4,56350000,57050000,56450000,57050000,1.4272694644088164,1.1155902890054854,0.35545045608625675,0.404734527896339
80243,chr4,73050000,74250000,73150000,74250000,1.0226471622686364,0.8090156034008492,0.3380690334900073,0.42016030904219015
80386,chr4,74250000,74750000,74250000,74850000,1.4947147205856186,1.6893561550540876,-0.1766033537401763,0.8344525199575912
80529,chr4,74750000,75550000,74850000,75450000,1.2936993899392886,1.2622517042454835,0.035502799619330304,0.6873429997496336
81100,chr4,78950000,80350000,78850000,80250000,0.8927414190950339,1.1080429658114272,-0.3116995578451485,0.89971241578656
81243,chr4,80350000,81450000,80250000,81450000,1.083339946732962,1.1487854724700002,-0.08462338550171128,0.7770317462349348
81386,chr4,81450000,82350000,81450000,82350000,0.9559754740034218,1.2294067330751377,-0.3629167806134909,0.9187456934373279
81529,chr4,82350000,83550000,82350000,83550000,0.9925168396328244,0.8130678083017266,0.28771590476034936,0.465461339962269
82102,chr4,89150000,90350000,89150000,90350000,1.222716952042113,1.2947070149378672,-0.08253518929758519,0.7756086730249818
82390,chr4,94250000,95150000,94350000,95150000,1.5006413450650467,0.8460839244683518,0.8267065335815122,0.09416744143621125
82965,chr4,102350000,103150000,102350000,103150000,1.72821083578423,0.9364193199647332,0.8840526268904166,0.07405165845682904
83108,chr4,103150000,103950000,103150000,104050000,0.8889359188305651,1.2280266902863155,-0.4661905893639632,0.9486746303787651
83679,chr4,107850000,108650000,107950000,108650000,1.697491838685542,1.2801178285284704,0.40712802890562394,0.3598237316690628
83822,chr4,108650000,109350000,108650000,109350000,1.5256399666155207,1.4763026420947132,0.04742603874454468,0.6776542769007549
83965,chr4,109350000,109950000,109350000,109950000,1.4832988883478617,1.0485720713237485,0.5003833083065238,0.2838163691905281
84395,chr4,112050000,113150000,112150000,113250000,0.8878571821205149,0.975607713168368,-0.13597353623929045,0.8103750987743616
85112,chr4,120150000,121150000,120050000,121250000,0.9503092211262346,1.0352948643407869,-0.12357278952530634,0.8026173004086942
85255,chr4,121150000,121850000,121250000,121850000,1.2253381316722323,1.3781939305840922,-0.16959899368156026,0.8304491282085097
85398,chr4,121850000,123050000,121850000,123050000,1.2674853415157405,1.0297142681650024,0.299724998032223,0.4545937770662072
85541,chr4,123050000,124250000,123050000,124250000,1.266924745189735,1.1898220824038612,0.0905849723025141,0.6416049013874601
85684,chr4,124250000,125250000,124250000,125250000,1.344334253579636,0.8882990489592535,0.5977745408452033,0.21371934587559194
85827,chr4,125250000,127650000,125250000,127650000,1.1365807595376871,1.150525741654639,-0.017593064291005673,0.7288655190385609
85970,chr4,127650000,129250000,127650000,129150000,1.5805627071326922,1.1221091058537378,0.4942253136573507,0.2885923051512479
86399,chr4,134850000,137050000,134950000,136950000,0.839717388489068,1.0385060323727966,-0.3065338286611182,0.8976255454985507
86971,chr4,141250000,142150000,141250000,142150000,1.0008482038885964,0.8997406506829493,0.15364206974681002,0.5866706822134549
87114,chr4,142150000,143650000,142150000,143550000,0.8150290051170682,0.8412151476747395,-0.04562342611579749,0.7496190680649107
87542,chr4,145150000,146250000,145150000,146250000,1.1639012475639756,1.0576576982612294,0.13809586918983915,0.6004192899888936
87685,chr4,146250000,146950000,146250000,147050000,1.2050208283928814,1.1651475314859867,0.04854544206729117,0.6767382957148605
88114,chr4,149950000,151050000,149950000,150950000,1.6021224163781689,0.9237826181413663,0.7943590808094756,0.10716026400924639
88257,chr4,151050000,151750000,150950000,151750000,1.60505469299038,1.1430917539618561,0.4896812479040701,0.29214063143866775
88400,chr4,151750000,152750000,151750000,152850000,1.241208442960755,0.8488029212227072,0.5482438890041046,0.24804396031703346
88543,chr4,152750000,153750000,152850000,153650000,1.261316627869725,1.0184488216304468,0.3085569955241769,0.4466224820082746
88686,chr4,153750000,154750000,153650000,154750000,1.1873276530681334,1.0082925462313164,0.23580383032817137,0.5126322179897485
89114,chr4,156050000,157150000,155950000,157050000,0.9432383731874783,1.1659794423890792,-0.30584803542446287,0.897346138957333
89542,chr4,158650000,159550000,158650000,159450000,1.781264234176624,1.3465315935389093,0.4036534628139588,0.3627910316869707
89829,chr4,162450000,163550000,162350000,163450000,0.8625559333048507,1.294685148301623,-0.5859113767281158,0.9716155642094488
90257,chr4,165550000,166150000,165450000,166150000,1.2619496539133728,1.6709371921153842,-0.40500315133684645,0.9322337687324185
90827,chr4,168950000,169650000,168950000,169550000,2.728101113199538,1.1754487644815035,1.2146854607000261,0.013901018385390373
90970,chr4,169650000,170150000,169550000,170050000,1.2697762453831551,1.2922695955376282,-0.025332785231822832,0.734680593270479
91113,chr4,170150000,172250000,170050000,172150000,0.8874519706994991,1.1011917491447492,-0.31132475803888093,0.8995620554292915
91256,chr4,172250000,172850000,172150000,172850000,1.0249634180516887,1.0211134547618395,0.0054292481135803155,0.7112011799284308
91399,chr4,172850000,173450000,172850000,173450000,1.3299321396892783,1.243879143519593,0.09650631486664663,0.6365499179387926
91542,chr4,173450000,174250000,173450000,174350000,1.1678299722796615,1.1894730486325278,-0.026492339809070738,0.7355463154168462
92113,chr4,177650000,181550000,177650000,181650000,0.7436973342650616,1.1187934493644116,-0.5891562058223894,0.9720929287500947
92541,chr4,183350000,185150000,183350000,185150000,1.0584419376011203,0.9180273614402514,0.2053330720004033,0.5402801024671611
92684,chr4,185150000,186150000,185150000,186150000,1.5644669712547152,1.1112646635221755,0.4934687449406894,0.28918167639024395
92967,chr5,5550000,6850000,5450000,6750000,0.9456957767226705,0.8418963537284222,0.16773352063259075,0.5741156147102038
93100,chr5,6850000,7850000,6750000,7850000,1.0089667068865664,0.9262311594111236,0.12343437349816692,0.6132726885705823
93767,chr5,17250000,18450000,17250000,18350000,1.204438315531251,1.570822357367331,-0.3831595281588362,0.9254665442774527
93900,chr5,18450000,21850000,18350000,21750000,0.5938417865449973,1.13849359052778,-0.9389756500833125,0.9966361670547534
94301,chr5,28850000,31450000,28750000,31350000,0.5994038275484933,0.8330408038193339,-0.4748588667457852,0.9507224448808215
94834,chr5,35050000,36050000,34950000,35950000,0.9746928613733704,1.41688212727235,-0.5397001598253305,0.9640483497196214
94967,chr5,36050000,37350000,35950000,37350000,1.4812439748375648,0.8576469390050177,0.7883535139148724,0.10970838438088859
95100,chr5,37350000,38250000,37350000,38350000,1.0892948033641559,0.9055632936103079,0.26650706759703285,0.4847121671194117
95233,chr5,38250000,38950000,38350000,38950000,2.064268663046098,1.3194665158932064,0.6456760088268187,0.18331812922836155
95366,chr5,38950000,40750000,38950000,40850000,1.2446430886659374,1.1797256199467396,0.07728074004894957,0.652871303435654
95499,chr5,40750000,41850000,40850000,41950000,0.8921071660729973,1.0938276174359516,-0.29409646130436035,0.8924719009008462
95897,chr5,43650000,44850000,43550000,44850000,0.9390759471759936,1.091991061647893,-0.21764730254860584,0.8566720246852055
96430,chr5,54350000,55250000,54250000,55150000,1.4580888697494376,1.2391677897957012,0.2347071046936987,0.5136291961883618
97095,chr5,59750000,60750000,59750000,60850000,0.9850855139781171,1.1618843545298232,-0.23814560699897502,0.8669782197954228
97228,chr5,60750000,62250000,60850000,62250000,1.1408144144546306,0.9996411737401649,0.19058188556179603,0.5536033049060185
97626,chr5,64050000,64750000,64150000,64750000,1.2187019203522638,1.2829012472494172,-0.07406481817869948,0.7697836732211292
97759,chr5,64750000,65550000,64750000,65650000,1.5254385711899563,1.0801843071377257,0.49794659017046883,0.28570167850179917
97892,chr5,65550000,66250000,65650000,66250000,1.9781475970290059,1.2321104063855213,0.6830185368315702,0.16159376887923904
98025,chr5,66250000,67250000,66250000,67150000,0.8379370921756527,0.8164770966743866,0.037429521442375276,0.6857858739445293
98158,chr5,67250000,68350000,67150000,68350000,1.3084573094913161,1.0069068097361413,0.37793668831582583,0.3849991667854671
98291,chr5,68350000,68950000,68350000,68950000,1.3197964062673588,1.0736545807490463,0.2977854745332408,0.4563468544194398
98424,chr5,68950000,72250000,68950000,72250000,,,,
98557,chr5,72250000,72950000,72250000,72950000,2.0232313666542674,1.1695915993808692,0.7906564544945827,0.10872616846338179
98690,chr5,72950000,73750000,72950000,73650000,2.176215359720327,1.0351872130168165,1.071929631819246,0.03042378098969023
98823,chr5,73750000,74750000,73650000,74750000,1.6397110205248575,1.385280890029976,0.24326304178900995,0.5058496484776875
98956,chr5,74750000,75750000,74750000,75750000,0.9570895814576342,0.8625389299863967,0.1500643909766638,0.5898447651349937
99355,chr5,78250000,80550000,78350000,80650000,1.024269354782895,1.090580286671992,-0.09050082814389278,0.7810094172719717
99488,chr5,80550000,81350000,80650000,81350000,1.760299402142303,1.1920153878306639,0.5624179720489962,0.23793114510458024
99621,chr5,81350000,82250000,81350000,82250000,1.5559957181500244,0.8808686832562648,0.8208392217789652,0.09643355724614144
99754,chr5,82250000,83650000,82250000,83550000,1.0944879476256397,0.7562223986716187,0.5333735813311093,0.25889513198654635
100153,chr5,87450000,88750000,87550000,88650000,0.6512953501587516,1.3561375454786424,-1.0581196785347444,0.9985665819389605
100286,chr5,88750000,90750000,88650000,90750000,0.7674280927586453,0.8158752616989396,-0.08831701920665262,0.779536269309284
100419,chr5,90750000,91550000,90750000,91450000,1.2841532386128411,1.248342052384505,0.040804075705251436,0.6830506777538379
100687,chr5,94850000,95450000,94850000,95550000,1.2201609788585899,1.344901414526812,-0.14042892393292478,0.8131159130298513
100954,chr5,97250000,98950000,97250000,98950000,1.09441467445299,1.2662709142360506,-0.21042661751610886,0.8529164410097216
101087,chr5,98950000,100350000,98950000,100350000,0.7569244583090315,1.051704981311127,-0.4745088338980448,0.950641035754132
101220,chr5,100350000,102550000,100350000,102550000,0.8108024982969234,1.3326439968809345,-0.7168689904420691,0.9862256754210186
102286,chr5,115150000,116150000,115150000,116150000,1.0123789182040994,1.0492422207611,-0.05159839673862566,0.7539314566015742
102419,chr5,116150000,118950000,116150000,118950000,0.8003862619105382,1.0363197420482104,-0.37270088552057784,0.9220491296191298
102552,chr5,118950000,119450000,118950000,119450000,1.5046023849727,1.0596599949351972,0.5057808498993424,0.27966158385353734
102685,chr5,119450000,121950000,119450000,122050000,0.8315958208649515,0.8373947204939328,-0.010025314338884697,0.7231188576041974
102818,chr5,121950000,123550000,122050000,123650000,1.1613662005512435,0.9909697085608693,0.22891008909409652,0.5188974092612368
102951,chr5,123550000,126650000,123650000,126550000,1.26672958320316,1.0863988904130297,0.22155466488032377,0.5255770073946653
103749,chr5,132150000,133050000,132250000,133050000,1.9338335837015004,1.2002640629659893,0.6881118093298954,0.15876638249007047
103882,chr5,133050000,134050000,133050000,134050000,1.4659370593388426,0.7610199285495604,0.9458170233850592,0.05624735121868851
104682,chr5,142850000,144250000,142850000,144150000,1.4100198281093483,1.001578900017608,0.4934393755137999,0.2892045667426719
104815,chr5,144250000,146450000,144150000,146450000,0.8794140769934646,1.007001314177594,-0.19545103470563074,0.8449187903530286
104948,chr5,146450000,147750000,146450000,147850000,0.8304175935500103,1.0688304362191747,-0.36412408133815916,0.919158939446356
105081,chr5,147750000,149250000,147850000,149250000,0.9287839422718106,1.1052759248460877,-0.250991639079064,0.8731706049764427
105349,chr5,152450000,153950000,152550000,154050000,1.0197254574686925,1.178321612835697,-0.20855257914806288,0.8519310378312196
105482,chr5,153950000,155050000,154050000,154950000,1.125833703808321,1.184701416286268,-0.07352975477189136,0.7694128962946905
105615,chr5,155050000,157150000,154950000,157150000,0.8696312893032822,1.1093699543826032,-0.351264803350097,0.9146750963413203
105748,chr5,157150000,157750000,157150000,157750000,1.2454168684207712,1.0850191186030227,0.1989082609617293,0.5460894190359828
105881,chr5,157750000,159250000,157750000,159250000,1.6881015008573896,1.0488437650636018,0.6866018606922272,0.15960118538602952
106014,chr5,159250000,159950000,159250000,159950000,1.7151740786755003,1.309005623080263,0.38988371304336694,0.3746301296006236
106147,chr5,159950000,160450000,159950000,160450000,1.7057601423962196,1.2579807314876468,0.4393049699418819,0.3327654244166677
106280,chr5,160450000,163450000,160450000,163450000,0.6886124792613987,1.2948668935354746,-0.9110395717532606,0.9959316153745581
106548,chr5,168250000,169550000,168250000,169650000,1.2843664002162798,1.0521036428179422,0.28777999727542747,0.46540326405585075
106681,chr5,169550000,170750000,169650000,170850000,1.2228502581724658,0.8216505204030926,0.573650956429911,0.23008006418966587
106814,chr5,170750000,171350000,170850000,171350000,1.5392875350231634,0.9850550298577417,0.6439865208909828,0.1843422476342822
107746,chr5,179650000,180650000,179750000,180650000,1.2905870723244564,1.1611492866688928,0.15247401076375872,0.5877076068329681
107747,chr6,550000,1450000,650000,1550000,1.6637569612375687,1.0287373666862034,0.6935699885807933,0.15577264508506394
108131,chr6,4150000,5350000,4150000,5450000,1.5823849774972816,0.9691856452088651,0.7072556928977684,0.14843091516860518
108259,chr6,5350000,6550000,5450000,6650000,1.0577150267982087,0.8495013717296286,0.316262801858684,0.43968508889763214
109155,chr6,15650000,16250000,15550000,16250000,1.8119244243148012,1.4222582412511187,0.34933934084744483,0.41014251232110244
109283,chr6,16250000,17050000,16250000,17150000,1.5898161726126023,1.0559399976379087,0.5903321012682388,0.2186931807758532
109667,chr6,20050000,21550000,20150000,21650000,1.030302409605927,0.937057158491441,0.13685889574574486,0.6015081445577357
110308,chr6,27850000,29650000,27950000,29650000,0.9193066332059258,1.5509052114047706,-0.7544924586472859,0.9889728598664456
110436,chr6,29650000,30350000,29650000,30350000,1.242140682281817,1.0595567901983012,0.22936766401406558,0.5184816821255849
111209,chr6,44350000,45950000,44450000,45850000,1.2035619752683342,0.7772693513816612,0.6308238973624314,0.1924424470581073
113389,chr6,77550000,78850000,77450000,78950000,0.9636042329551776,1.2752186556965126,-0.40423200414724364,0.9320032351478835
113517,chr6,78850000,80050000,78950000,79950000,1.030554923188413,0.8867832567650717,0.21676795878288005,0.5299201635643691
113645,chr6,80050000,82250000,79950000,82150000,1.0184754208086948,1.3039932234385525,-0.3565252085190877,0.9165313370228214
113773,chr6,82250000,83050000,82150000,83050000,0.9551900134150976,1.0836031236346741,-0.18197679911812895,0.8374819617197691
114157,chr6,85750000,87050000,85650000,87050000,0.9168434571917529,1.0997096070272496,-0.26237527849071957,0.8784878554013973
114540,chr6,88850000,89850000,88850000,89850000,0.973995451747577,0.89180148279662,0.1271924369711589,0.6099892859859559
114668,chr6,89850000,90550000,89850000,90550000,1.3871310039587004,1.2092675917855493,0.19797052015359135,0.5469365306034908
115052,chr6,95250000,96550000,95250000,96550000,0.8044928240781563,0.9699514995845409,-0.269833057683562,0.8818852378469585
115436,chr6,99250000,100750000,99250000,100650000,0.6646533473489864,1.0332692689896261,-0.6365422697322343,0.978335199161666
115821,chr6,106350000,107050000,106350000,107050000,0.9980052835773662,1.1879481173639244,-0.25135247049904974,0.8733415955211516
116462,chr6,112250000,113950000,112150000,113950000,1.4750683960604543,1.2321662519093448,0.2595849240028999,0.4910051710968293
116590,chr6,113950000,116150000,113950000,116150000,0.8735384727243688,0.8834523627158309,-0.016281099971829704,0.7278735398177514
116718,chr6,116150000,116850000,116150000,116750000,1.3683486110061585,1.3251763043139444,0.046251517420729346,0.678614201489153
116975,chr6,119050000,121350000,118950000,121350000,0.8746952454537237,1.1354658283466839,-0.37643193206885744,0.9232816572586553
117103,chr6,121350000,122350000,121350000,122450000,1.2476072783834329,1.1805436998319867,0.07971242798554294,0.6508217959981136
117488,chr6,125950000,127250000,125850000,127250000,1.0022555461896498,1.0979935007309192,-0.13161911376977223,0.8076726351107373
118384,chr6,135050000,136350000,135050000,136350000,1.4881713389745375,1.1361492912624842,0.38938822011085783,0.3750584378979993
119153,chr6,144550000,145850000,144550000,145850000,0.7533935719403663,0.9287833836941489,-0.3019384379822493,0.8957426957958851
119281,chr6,145850000,146750000,145850000,146750000,1.0065960944407941,1.2346745106199597,-0.29464585807520266,0.8927034291314839
119409,chr6,146750000,147350000,146750000,147350000,1.9870053439790523,1.330554810949785,0.5785678106239797,0.2266896730173913
119793,chr6,149950000,150850000,149950000,150850000,1.3529490959452366,0.9731695403964776,0.4753444889981515,0.3034667092011437
119921,chr6,150850000,151450000,150850000,151450000,2.365798765828753,1.5282820526267358,0.6304165386337133,0.19269655617469827
120049,chr6,151450000,152350000,151450000,152450000,1.4387152163056678,1.4191630976527891,0.019740647871418278,0.6999542333055749
120563,chr6,157250000,158150000,157250000,158150000,1.610857708623465,1.189202411291351,0.4378347689070326,0.3339842299969462
120691,chr6,158150000,159150000,158150000,159150000,1.005224833629722,0.7849868894176207,0.35677775398762623,0.4035623091290832
120819,chr6,159150000,159750000,159150000,159750000,1.5724475217889127,0.9446353927570423,0.7351823747765207,0.13417802220074926
122091,chr7,7550000,8350000,7550000,8350000,1.2826794431041846,0.9082447623100025,0.49800762276444666,0.28565438441198565
122336,chr7,11350000,12450000,11350000,12550000,0.8513966721994333,0.8915994371102082,-0.06656425462787866,0.7645557586366167
122458,chr7,12450000,13250000,12550000,13250000,1.460972019743479,1.215375516924827,0.26552641320102,0.48560349665227376
122580,chr7,13250000,14650000,13250000,14550000,0.7933445480944838,0.9133118041752923,-0.20315991778330328,0.8490708791783041
123070,chr7,19750000,20550000,19650000,20650000,1.2149557754705989,1.055131977085355,0.20348033639701066,0.5419562847938193
123192,chr7,20550000,22050000,20650000,22050000,0.8952461879194334,1.1439392316371693,-0.3536540397979601,0.9155219845752256
123559,chr7,25150000,25950000,25150000,25850000,1.2347531716823374,0.9955255205164156,0.31069246920077404,0.4446982251703072
123925,chr7,28150000,28950000,28150000,28850000,1.4662621165142073,1.3987352788219196,0.06802008262675453,0.6606351918154137
124293,chr7,32450000,33150000,32550000,33250000,1.3544522660479867,1.4010703374187088,-0.048819834065736485,0.7519310208229633
125151,chr7,41850000,42850000,41850000,42850000,1.3384483346381189,1.1568992152533397,0.21029826296487605,0.5357846109579677
125396,chr7,45250000,45750000,45150000,45750000,1.072645182474753,1.2055145112816839,-0.168476087721327,0.829801593400513
125518,chr7,45750000,47150000,45750000,47250000,1.1244978089411664,0.9906814143019265,0.18278775827365062,0.5606195341420689
125885,chr7,50050000,51250000,50050000,51350000,1.2743196533633387,0.8788584575272621,0.5360244726872585,0.25694289377447255
126007,chr7,51250000,54650000,51350000,54650000,0.7202299955185153,0.9007450894059535,-0.3226611966298231,0.9040375527307056
126618,chr7,70750000,71750000,70750000,71750000,1.0183864069040716,0.9773672004803208,0.05931247282129893,0.6678738090452099
126983,chr7,78050000,79150000,78050000,79250000,1.004568634593323,0.6844520459062299,0.5535547638967679,0.24422814900701706
127228,chr7,81450000,82050000,81450000,82050000,1.248646013915806,1.2403586394668886,0.00960721241419825,0.7079383924751572
127350,chr7,82050000,82750000,82050000,82650000,1.3807429293069644,1.1955633379292268,0.20775417706470892,0.5380886375107282
127595,chr7,85050000,85850000,85050000,85850000,0.7788317855264862,1.024726285234805,-0.3958549333839965,0.9294597482905956
128084,chr7,91050000,91850000,91150000,91950000,1.3630080893739125,1.0626555860261353,0.359120039224426,0.4014958104162848
128206,chr7,91850000,92550000,91950000,92550000,1.3759302939684301,1.032784918862107,0.4138675443872592,0.3540923089274912
128328,chr7,92550000,93150000,92550000,93150000,1.5862319906211528,1.4335411550641133,0.14602046140277586,0.5934254171772375
128693,chr7,95950000,97150000,95950000,97050000,0.9376486716237418,1.0560479743432698,-0.17155601073152374,0.831573878194495
128815,chr7,97150000,98050000,97050000,98050000,1.1180097119219015,1.1841739466025025,-0.0829482973853319,0.7758906081121837
128937,chr7,98050000,98850000,98050000,98950000,1.0558470574236707,1.0828528924648784,-0.03643639233554427,0.7429110389556932
129059,chr7,98850000,99450000,98950000,99450000,1.9925681591878914,1.5288883973514287,0.38214597524224675,0.3813360299546136
129181,chr7,99450000,103350000,99450000,103450000,,1.0379692579601298,,
129303,chr7,103350000,104150000,103450000,104150000,1.153892068528229,1.1609238083136448,-0.008765005824260399,0.7221560651314736
129425,chr7,104150000,104850000,104150000,104950000,1.2479680512434996,1.1112753560707807,0.16736466325020738,0.5744452738991961
129547,chr7,104850000,105550000,104950000,105550000,1.8670102674193483,1.5521342671690224,0.26647649846344446,0.48473995067215303
130770,chr7,120750000,122050000,120650000,122050000,1.252062899519484,1.3078007643852845,-0.06283573128393775,0.7619327868786094
131503,chr7,130150000,130850000,130050000,130850000,2.053694572454875,1.2242620629466245,0.746309227200096,0.1287700751231594
131625,chr7,130850000,131650000,130850000,131650000,2.2412403622141874,1.477244388817561,0.6013888602544762,0.2113278364318203
131747,chr7,131650000,132650000,131650000,132750000,1.5865900359056913,1.1255302894445318,0.4953245116587044,0.2877370335109717
132357,chr7,139250000,140550000,139350000,140550000,1.4361227980615787,0.9740766091241202,0.5600719675840073,0.23958918719630007
132479,chr7,140550000,141850000,140550000,141750000,1.034456679171129,1.006520868543139,0.0394961450248295,0.6841120005309953
132966,chr7,148350000,149050000,148250000,149050000,1.2477442295978614,1.1852498210642024,0.0741310566077013,0.6555193216022468
133332,chr7,152150000,152950000,152150000,152950000,1.2954367767505122,1.5587177112537398,-0.266921067912343,0.8805667663211609
133577,chr7,154750000,155750000,154850000,155750000,1.4018003047215242,1.0594349988620868,0.4039857684477316,0.36250688081810534
133824,chr8,1650000,4850000,1750000,4950000,0.8450914459528782,0.9766790707230723,-0.20877712000518733,0.8520493378912848
134165,chr8,6850000,9850000,6850000,9850000,1.773359951193657,1.4697318900889182,0.2709323985583031,0.4806909410889455
134506,chr8,11350000,12950000,11350000,12950000,,,,
134620,chr8,12950000,13750000,12950000,13750000,2.447757100771906,0.8852241263140326,1.46734572494231,0.002750722283301865
135082,chr8,24450000,25050000,24350000,25050000,1.2739347648049166,1.4649203685488452,-0.20153084099719032,0.848199665124054
135427,chr8,30050000,30750000,30050000,30650000,2.0621188547698046,1.3201504681402791,0.6434251135302776,0.1846833428884127
135884,chr8,36750000,37750000,36750000,37850000,1.2829489475264448,1.127522064485259,0.18630809644544058,0.5574527678556868
136113,chr8,39850000,40950000,39950000,40950000,1.081035121966803,0.8496273866901219,0.34751122034426274,0.4117636702176416
136227,chr8,40950000,41650000,40950000,41550000,1.5697103419114045,1.1465964017171384,0.4531407070282787,0.32138347388944866
136341,chr8,41650000,43150000,41550000,43150000,1.4242287473529371,1.1057051317798703,0.36521417761602404,0.3961322400038738
136455,chr8,43150000,47150000,43150000,47050000,,,,
136569,chr8,47150000,47850000,47050000,47850000,2.1406119117673383,0.9707101183522839,1.1409108266870704,0.021083370636515997
136683,chr8,47850000,49050000,47850000,48950000,1.5867841412263786,0.8645790080291498,0.8760361708132994,0.07664781884957927
137254,chr8,57450000,58550000,57350000,58650000,1.237126674213182,0.7585782285889465,0.70562335945509,0.14929422420294824
137368,chr8,58550000,60450000,58650000,60450000,1.0321417059817006,1.3053257644255527,-0.33876884230372123,0.9101419187341664
137597,chr8,61550000,63250000,61650000,63250000,1.081933545174664,1.0238276920587677,0.07963895489156883,0.6508837864170789
137711,chr8,63250000,64350000,63250000,64450000,0.7035858273110841,1.2053943286171869,-0.776706854766166,0.9903601438413746
138169,chr8,70050000,70650000,70050000,70650000,1.4938204294323099,1.1050576505600394,0.43488509711908413,0.33643480294484485
138283,chr8,70650000,72250000,70650000,72250000,1.0999254543469874,0.9288088467012644,0.2439521320241195,0.5052229518839887
138397,chr8,72250000,72950000,72250000,73050000,1.0067045982355542,1.0811763427978043,-0.10296144066072585,0.7893060176349838
138853,chr8,78350000,79650000,78350000,79650000,0.9658183369881191,0.9991501178572989,-0.048949598089642096,0.752024637614477
139194,chr8,81750000,84550000,81750000,84550000,0.6763441448578869,1.225746353762185,-0.8578310436466013,0.9942156101932811
139308,chr8,84550000,86550000,84550000,86450000,0.78264908933285,1.0892111691064639,-0.4768461744706816,0.9511826139956737
139993,chr8,93550000,94450000,93550000,94450000,1.3385700232233446,0.868871039504946,0.6234786423254185,0.19705581581447773
140222,chr8,96250000,97650000,96250000,97550000,1.8817808969816496,0.8982157742786966,1.066964695525776,0.031211297267245586
140336,chr8,97650000,98150000,97550000,98150000,1.9718436868184692,1.1611216792174375,0.7640260233621784,0.12047480323006843
140450,chr8,98150000,100050000,98150000,99950000,1.2924843853752321,0.9946809819133519,0.3778410533163025,0.38508251400429816
140680,chr8,102150000,102950000,102150000,102950000,1.8597670877746657,1.081974555634213,0.7814553811241919,0.11268854669271078
140794,chr8,102950000,103650000,102950000,103650000,1.227401148540807,1.3159280066248058,-0.10047372394247754,0.7876645232607917
141023,chr8,105750000,106750000,105850000,106750000,1.2320498367191943,1.5639756252913648,-0.3441574136985752,0.9121182204082933
141137,chr8,106750000,107850000,106750000,107850000,1.5428155488368027,1.3912232685704122,0.14921162354463435,0.5906004727496029
141251,chr8,107850000,108750000,107850000,108850000,0.9181232523247272,1.2639882496387,-0.46122330734086525,0.9474709794601891
142166,chr8,122550000,123350000,122550000,123350000,2.199133885148708,1.2935232878347982,0.7656294116805823,0.11974308059106198
142395,chr8,124550000,125050000,124450000,125050000,2.085147050059581,1.27273259560189,0.7122197927787131,0.14582605034506924
142736,chr8,126750000,127650000,126850000,127750000,1.2273953763922336,1.1341806795464011,0.11394956824108844,0.6215230563458163
143078,chr8,130750000,132050000,130750000,131950000,1.118757624568623,1.1974079005121647,-0.09801717962383442,0.7860362875521905
143192,chr8,132050000,132650000,131950000,132750000,0.9827047400396496,1.4216460024043496,-0.5327323509759609,0.9627754972022199
143306,chr8,132650000,133550000,132750000,133550000,1.6848838747754051,1.304283930784448,0.369391196312473,0.3924672215950702
143764,chr8,140450000,141550000,140550000,141450000,3.153285400245366,1.8375702960414033,0.7790563114660567,0.11373843060393174
143767,chr9,950000,2050000,950000,1950000,0.9734939548017986,1.627556443844368,-0.7414636518430731,0.9880809171099758
143846,chr9,2050000,2850000,1950000,2850000,1.2274684873507835,1.486517232355445,-0.27625020081095997,0.8847543278929904
143925,chr9,2850000,4650000,2850000,4650000,0.8017343052136368,1.5524249279196776,-0.9533273925703574,0.9969536716795439
144481,chr9,17550000,18250000,17550000,18250000,1.045408950027616,2.273281265644556,-1.1207087793667736,0.999109047651117
145190,chr9,32950000,34750000,33050000,34650000,1.7126991710613402,0.9276663698757455,0.8845938235262332,0.07387884063432681
145269,chr9,34750000,35650000,34650000,35550000,1.1834199562931424,0.8246033580972951,0.52118988736508,0.2679654361668774
145505,chr9,37450000,38550000,37450000,38450000,1.5256370689301402,0.6695764487657708,1.1880911133455094,0.016200170279894066
145584,chr9,38550000,69050000,38450000,69150000,,,,
146058,chr9,77250000,78350000,77250000,78350000,1.0976513415700238,0.698354971529849,0.6523874237384102,0.17928500280329418
146217,chr9,83150000,83750000,83050000,83850000,1.1922121429474497,1.1610123982113303,0.038257594140257305,0.6851156279467685
146296,chr9,83750000,84350000,83850000,84450000,1.1997852599720005,1.1851118583609257,0.0177529761771282,0.7015280923948587
146690,chr9,89450000,90150000,89450000,90150000,2.0364215104495433,1.2209296869935657,0.7380560914854998,0.13276660182343913
146769,chr9,90150000,90850000,90150000,90950000,1.1900444378258672,1.5291804840445613,-0.3617432465347714,0.9183424798362891
146848,chr9,90850000,92150000,90950000,92150000,1.033377922028879,0.8922777552744336,0.211803187541622,0.5344211206035763
146927,chr9,92150000,92750000,92150000,92850000,1.7515116520733056,1.3028549153215943,0.42692415010812274,0.3430832400935696
147244,chr9,96850000,97650000,96850000,97550000,1.0105944633574717,1.0205316028565345,-0.014116677935077915,0.7262330817884048
147323,chr9,97650000,98750000,97550000,98850000,1.6105954330611165,1.1283793409078966,0.5133419901731704,0.2738914663009262
147402,chr9,98750000,100650000,98850000,100550000,0.8969256316787556,1.0188792903555353,-0.18392286669009553,0.8385701613863776
147640,chr9,104750000,105750000,104750000,105650000,1.2423388553436598,1.2653885587657754,-0.026521725718808942,0.7355682362116186
148193,chr9,115550000,116650000,115550000,116650000,1.0984932603732542,0.7435919305816655,0.5629429989590329,0.23756094494191804
148272,chr9,116650000,117550000,116650000,117550000,0.8915348265417847,0.5885855720014282,0.5990389778566938,0.21288091045581248
148351,chr9,117550000,120550000,117550000,120450000,0.779700926775261,0.9973628442259095,-0.3551976084543522,0.9160657546868503
148591,chr9,124450000,125350000,124450000,125350000,1.5551550303315398,0.9531753496464322,0.7062448597881877,0.1489651304930658
148670,chr9,125350000,126750000,125350000,126750000,1.2499773403037615,0.8535441909256116,0.5503641882295308,0.2465167424995931
148830,chr9,129850000,131750000,129750000,131650000,1.9872193445175421,0.9398363644011649,1.0802696275282266,0.029138014408779167
149092,chr10,3050000,4850000,3150000,4750000,1.7779878217905154,0.8930912494076161,0.993365950740902,0.04499169487709209
149190,chr10,4850000,6550000,4750000,6450000,1.1702090512893166,0.7970384209567832,0.5540451066050497,0.24387744543555634
149484,chr10,9350000,11450000,9350000,11350000,0.8391808958478256,0.7653585079595345,0.13284614405252412,0.6050349199681107
149582,chr10,11450000,12150000,11350000,12050000,1.0162034999569949,0.7976881203943043,0.3492926403250286,0.4101839068668204
149876,chr10,15250000,15850000,15250000,15850000,1.348177850723897,1.6177793226376904,-0.2630039982067232,0.8787768918563958
149974,chr10,15850000,16750000,15850000,16850000,0.839360598501258,1.9927321189632359,-1.2473851365890432,0.9996789413490706
150270,chr10,20850000,21950000,20850000,21950000,1.1600718465500393,1.279578018743558,-0.1414539560852528,0.8137429946410358
150368,chr10,21950000,23050000,21950000,23050000,0.9504506255758951,1.681143254431479,-0.8227590772924707,0.9927588347505711
150466,chr10,23050000,24550000,23050000,24450000,0.8573479913871297,1.2929092326962932,-0.5926681879768498,0.9726020405368452
151054,chr10,30650000,33150000,30650000,33150000,1.1015482450528256,1.1917134262356743,-0.11350466683005954,0.7961797432859309
151251,chr10,35650000,36850000,35650000,36850000,0.9270660870889632,1.586214317574406,-0.7748436185341085,0.9902499494832564
151448,chr10,43550000,44950000,43650000,44950000,1.5960634050809899,1.0765393312323843,0.5681169359265619,0.23392972507300747
151842,chr10,52750000,55650000,52850000,55650000,0.6331103052072381,1.0900798961634164,-0.7839050957923486,0.9907756973594142
151940,chr10,55650000,58250000,55650000,58350000,0.6648657935516816,1.1826446722000177,-0.8308816183771319,0.9931223373255732
152429,chr10,63050000,63950000,63150000,63950000,2.1042921010716023,1.1533934008850217,0.8674503087840969,0.07950454098045467
152722,chr10,66950000,67750000,66850000,67750000,0.6557042345249559,1.2180337354254869,-0.8934369746827123,0.9954224752833581
152820,chr10,67750000,68350000,67750000,68350000,1.355272402179298,1.5100226185606758,-0.1559873054103954,0.8224932482278169
152918,chr10,68350000,69050000,68350000,69050000,1.9225361085316617,1.4162350945674114,0.4409499225230268,0.3314038411301117
153016,chr10,69050000,70250000,69050000,70150000,1.6337543306770013,1.1384172301908768,0.5211616576084528,0.2679866364888983
153506,chr10,74250000,75250000,74250000,75250000,1.926803354598797,1.0398033708362524,0.8898986035267769,0.07220117052000208
153604,chr10,75250000,77050000,75250000,77150000,1.0847232180450055,0.913780834950716,0.2474068764473601,0.5020808540010706
153702,chr10,77050000,77950000,77150000,77850000,2.204026971941182,1.2099054189100782,0.8652476059855857,0.08025026020427772
153800,chr10,77950000,79350000,77850000,79350000,1.4976575473210698,1.1515963102058675,0.37907270496522233,0.38400952004406674
153898,chr10,79350000,80350000,79350000,80350000,1.258428456398296,1.1689933949471902,0.1063564210193252,0.628088469190042
154096,chr10,84150000,84650000,84050000,84650000,0.8107664874623697,1.1936088970331797,-0.5579718322091594,0.9672175815088626
154194,chr10,84650000,86450000,84650000,86450000,0.9203081445893826,0.9249728679028979,-0.007294051671582368,0.7210302903104776
154391,chr10,89750000,90750000,89750000,90850000,1.0323026187298676,1.1512488233252482,-0.1573337240390883,0.8232905565716181
154489,chr10,90750000,91850000,90850000,91950000,0.987893276036516,0.6658942199750704,0.5690621756971986,0.2332696662935989
155567,chr10,104450000,106650000,104350000,106650000,0.7605658550148459,1.0970463749534412,-0.5284794365208282,0.9619806566103084
155960,chr10,112450000,113650000,112450000,113650000,1.3932785635286706,1.025578075267134,0.4420464047622112,0.33049748020518255
156058,chr10,113650000,114150000,113650000,114250000,1.5257533380612438,1.0728223465308704,0.5081105532366113,0.27787744821829785
156156,chr10,114150000,115250000,114250000,115250000,1.2792155973124852,1.0925744733332212,0.2275278128980774,0.5201531419151537
156254,chr10,115250000,116550000,115250000,116450000,0.9484831225933865,1.0504035278577384,-0.14724965923602756,0.8172640401954648
156548,chr10,118450000,119050000,118350000,119150000,1.1515968729919426,1.1895243110486902,-0.046748980747912214,0.7504344791018882
156841,chr10,120850000,121750000,120850000,121850000,1.1834603806804334,1.1021359478483965,0.10270921852160604,0.6312289622231932
157429,chr10,128250000,130250000,128150000,130150000,1.0362320926194075,1.003392600727636,0.046460965916362854,0.6784431084565223
157527,chr10,130250000,131950000,130150000,131850000,1.0814141402966984,0.8259299475597696,0.3888277982851303,0.37554305699942003
157743,chr11,6750000,7950000,6750000,7950000,1.0362195112007926,1.0894079317548155,-0.07221462252210105,0.7685001472117623
157956,chr11,10850000,11750000,10850000,11750000,1.6194642341306107,0.9285529782095772,0.8024604765675676,0.10379090978208727
158062,chr11,11750000,13450000,11750000,13450000,2.349367244590599,1.0345590092604888,1.1832563117475707,0.016651402483528477
158168,chr11,13450000,14550000,13450000,14450000,1.103670254078162,1.039771595264692,0.08604255043841114,0.6454660198330496
158909,chr11,22850000,24450000,22850000,24450000,0.7277209625887746,0.9285921327871923,-0.3516596888656104,0.9148155044070369
159122,chr11,27650000,29450000,27550000,29350000,1.0447474117225273,1.0082411379753016,0.05131345940031657,0.674468697019863
159228,chr11,29450000,30150000,29350000,30250000,0.7555463386929523,1.1778032796466436,-0.640506450211936,0.9787991890421696
161138,chr11,60750000,61250000,60750000,61350000,1.9462295018577664,1.0064368229103704,0.9514252318228618,0.05481423453479273
161244,chr11,61250000,62950000,61350000,62850000,1.7447884014255752,1.3542898611995662,0.36551553004224285,0.3958675142556779
161671,chr11,69750000,70350000,69750000,70350000,3.059258450188849,1.219880284038523,1.326442420527024,0.007046942809714962
161884,chr11,72050000,72750000,72050000,72750000,1.5224111099410518,1.2201067871237015,0.3193505729903316,0.4369102933137503
162841,chr11,85650000,86350000,85550000,86350000,0.9170600988824033,0.8650693713580148,0.08420045339977825,0.6470276029884913
163054,chr11,87450000,88650000,87350000,88550000,0.6860821118441005,0.8793326292432692,-0.3580277518705959,0.917055926577361
163372,chr11,93750000,94550000,93750000,94550000,1.2309318442864827,0.8074876908773186,0.6082387101250011,0.20683870675699534
163478,chr11,94550000,95050000,94550000,95050000,1.5359010054152977,0.7016528435331116,1.1302559213642174,0.022344034794818945
163584,chr11,95050000,95750000,95050000,95750000,1.747492943410536,0.74169894580584,1.2363810062416327,0.01223933970949953
163690,chr11,95750000,96450000,95750000,96350000,1.9728028315661856,1.106106208678678,0.834756855284883,0.09112245287353304
164007,chr11,99050000,99750000,99050000,99850000,0.8746579352354654,1.2436157130922245,-0.5077499330252665,0.9579060221074285
164959,chr11,109850000,111450000,109950000,111450000,1.1782715726087678,1.7715203851283157,-0.5883159713905686,0.9719699634917559
165065,chr11,111450000,112150000,111450000,112150000,1.1658256069085693,1.0602307209493007,0.13697374588606762,0.6014070800461633
165491,chr11,116750000,117350000,116750000,117350000,1.8979726919505875,1.9474537170672326,-0.037129806792735295,0.7434205853131663
165597,chr11,117350000,118550000,117350000,118550000,1.3933260287879499,1.4697049518464134,-0.07699368006402248,0.7718073345504795
165811,chr11,120250000,121650000,120250000,121650000,1.4930085518444267,1.6832808318642687,-0.17305346108975178,0.8324312551279395
166448,chr11,128950000,129850000,128950000,129850000,1.019530064910368,1.3104969697198305,-0.3622096981073118,0.9185029278088734
166661,chr11,130950000,131650000,130950000,131650000,1.4998757017399118,1.437737399774494,0.061042752003284365,0.6664403025028267
166978,chr11,133150000,133950000,133150000,133950000,1.1669248756659758,1.3919281396069334,-0.25437304563956675,0.8747666872435538
167087,chr12,1650000,2850000,1650000,2750000,1.536818604162822,0.8150387984336535,0.9150062460053153,0.06465427748537889
167409,chr12,5850000,7050000,5850000,7150000,1.4182507406122387,0.9011196186356528,0.6543220837508854,0.1781328372073363
167516,chr12,7050000,8350000,7150000,8450000,0.7812396442805785,0.7873994139185562,-0.011330477513007017,0.7241141908888546
168264,chr12,14750000,15950000,14750000,15950000,1.0160392901188584,1.0548509154631158,-0.05408292185445725,0.7557128445231108
168371,chr12,15950000,18050000,15950000,18150000,0.837267383204387,1.1933018116273921,-0.5111986483631411,0.9586074252472487
168907,chr12,24850000,26050000,24750000,26050000,0.8463063424954695,0.6797402067040448,0.31619651781125535,0.43974468741523765
169014,chr12,26050000,26850000,26050000,26750000,1.4418689621075773,0.8811935998733375,0.7104091357025655,0.14677259356100159
169121,chr12,26850000,27750000,26750000,27750000,1.297468468107296,0.7630881201854463,0.7657779058400533,0.1196754726687308
169228,chr12,27750000,29450000,27750000,29450000,1.252586511102965,0.8951598507759302,0.48469301209203164,0.29605901071525
170192,chr12,43350000,43950000,43350000,43850000,1.001022382819662,1.3066655052951726,-0.3844156382077538,0.9258691703871571
170299,chr12,43950000,45050000,43850000,45050000,0.7332140372018207,0.9636246041572423,-0.3942368240919118,0.9289601286882394
170406,chr12,45050000,46050000,45050000,46050000,1.0472227146472188,0.870749353650699,0.2662388932974506,0.4849559068273669
170727,chr12,48650000,51450000,48750000,51450000,1.4153792118465447,1.3126775177437542,0.10867609879894786,0.6260866083794412
170834,chr12,51450000,51950000,51450000,52050000,1.0612037888885757,1.3326694910089545,-0.3286172972440023,0.9063293484977907
170941,chr12,51950000,52950000,52050000,53050000,1.5753031632943983,0.9889068379091949,0.6717229781966336,0.16798055558037406
171048,chr12,52950000,53750000,53050000,53650000,1.9179732725689551,1.381058484759599,0.4738082003640893,0.3046919322799122
171155,chr12,53750000,54550000,53650000,54450000,1.3123113501661814,1.4925922146966801,-0.18571002152398405,0.8395653052908736
171370,chr12,55650000,56650000,55650000,56650000,1.2149412089488176,1.0215120042668675,0.25018034549524565,0.49955827492927374
171477,chr12,56650000,57850000,56650000,57850000,1.1622005973338585,1.3783082704912062,-0.24603949400331704,0.8708076393898277
172012,chr12,63750000,64750000,63650000,64850000,0.9473086067419931,0.9715783452465301,-0.03649584312473255,0.7429547461910946
172119,chr12,64750000,66250000,64850000,66150000,1.27257334710095,0.7387480460932933,0.7845944964350859,0.11132528037611789
172226,chr12,66250000,67250000,66150000,67350000,0.7494627417403953,0.8428436175089992,-0.16940821732067501,0.8303392267365569
172761,chr12,71850000,74550000,71850000,74550000,0.8431811979391539,1.0418054768806229,-0.3051713247677822,0.8970698899415732
172868,chr12,74550000,75350000,74550000,75450000,0.894368823572143,1.3230305965194609,-0.564904622023422,0.9683581617228667
173189,chr12,78050000,79350000,78050000,79350000,0.8683824073960995,1.1477550177969793,-0.4024123355618847,0.9314568473146203
173296,chr12,79350000,80350000,79350000,80250000,1.1548138670571753,1.0150646983161036,0.18608865172637223,0.5576502817002125
173831,chr12,85950000,88050000,85950000,88050000,0.7479077936139277,1.2098460180089645,-0.69389111913292,0.9842724585592839
173938,chr12,88050000,88950000,88050000,88950000,0.9754954737316881,1.1839441354802875,-0.2793939249635159,0.886141654841407
174045,chr12,88950000,89550000,88950000,89550000,1.4920307599702394,1.756353517635923,-0.23530598001738276,0.8655817630460867
174152,chr12,89550000,90850000,89550000,90950000,0.8969207628630049,1.0694185293715295,-0.2537741359155984,0.8744850183015703
174259,chr12,90850000,92750000,90950000,92650000,0.9688893327743792,0.9003431880084757,0.10585686433347537,0.6285191313920526
174366,chr12,92750000,93450000,92650000,93450000,1.5826021588089436,0.9963042261924974,0.6676403818898822,0.17032839402718947
174794,chr12,96550000,98350000,96550000,98450000,0.9485977931032791,1.1065421571282894,-0.22218999896432315,0.8590012755809129
175328,chr12,102850000,103650000,102850000,103650000,0.8596062277749187,1.7344043413539805,-1.01269243287042,0.997999596552388
175435,chr12,103650000,105150000,103650000,105050000,1.0575014380827905,1.0293243367384026,0.038961982884755636,0.6845450119267458
175542,chr12,105150000,106250000,105050000,106250000,1.403754577184588,1.2530356167802823,0.16386330381284203,0.577571923677597
175649,chr12,106250000,107050000,106250000,107050000,1.531887395182545,0.8681880529874414,0.819230777508505,0.09706172417296022
175756,chr12,107050000,107750000,107050000,107650000,1.6454204077457042,1.180812481373952,0.47867636601912744,0.30081706008946296
175863,chr12,107750000,108550000,107650000,108550000,1.2466633060941177,1.0377995884089655,0.2645440115738261,0.48649648638860943
176078,chr12,109950000,111350000,109950000,111450000,1.435308515367341,1.7912696647027413,-0.3196216692837736,0.9028522291952135
176185,chr12,111350000,112550000,111450000,112450000,1.2182410998970374,1.1998217126808373,0.021979637956188656,0.6981768953294974
176400,chr12,113950000,114550000,114050000,114650000,1.263351907655237,0.8564810535736771,0.5607633213639569,0.23909991743505077
176507,chr12,114550000,115850000,114650000,115850000,1.2911872263722461,1.222733993483941,0.07858763248843834,0.6517703622070031
176614,chr12,115850000,117150000,115850000,117250000,1.762219671626984,1.4954728435850944,0.23679206368893585,0.5117337968711659
176721,chr12,117150000,117950000,117250000,118050000,1.5355535804574458,1.5129195132450366,0.02142361475617451,0.6986187149249177
177545,chr13,21650000,23350000,21550000,23350000,1.0002423218284286,1.148804501730617,-0.19978375351165079,0.8472616338024267
177686,chr13,24350000,25450000,24450000,25450000,0.8863367871981271,0.9670621486382244,-0.1257536148123319,0.8039953436174159
177756,chr13,25450000,26150000,25450000,26150000,1.772318030746695,1.299779019767799,0.44737114301585534,0.32611021359452363
178176,chr13,31150000,31850000,31150000,31850000,1.4158354534047348,1.2689854256932747,0.1579781070696287,0.5828162033778228
178386,chr13,35150000,35850000,35150000,35850000,0.9991973517815764,1.1721539162890564,-0.23032046499527492,0.863105735552049
178456,chr13,35850000,36950000,35850000,36950000,0.871712352256973,0.8210074799915854,0.08645678676067235,0.6451145251689493
178526,chr13,36950000,39050000,36950000,38950000,0.9535896209455097,1.2460455613320678,-0.38591638267017014,0.9263480294701856
178596,chr13,39050000,39750000,38950000,39750000,1.7061345763819287,1.2965509237831616,0.3960525768642061,0.369310812920279
178666,chr13,39750000,40850000,39750000,40850000,1.7498944148717144,1.0882778285598114,0.6852209633236597,0.16036715028519177
178736,chr13,40850000,42250000,40850000,42350000,1.5006025406672787,0.8623793120290539,0.7991474317636993,0.1051593920280447
178806,chr13,42250000,43850000,42350000,43850000,1.410014332950268,0.8031876021303841,0.8119009224782404,0.09996239917980754
178947,chr13,45450000,46850000,45450000,46850000,0.9749934666310326,0.9566018445466913,0.02747397831506405,0.6937955024224483
179017,chr13,46850000,47950000,46850000,48050000,1.3356520165874493,1.1471971573517339,0.21943083066306404,0.5275044470458402
179158,chr13,51150000,52650000,51050000,52650000,0.8831983732712905,0.8206222160712366,0.10601930314734145,0.6283791123374615
179300,chr13,57550000,60450000,57650000,60350000,0.8296551535952511,0.7565551973284065,0.1330664609155085,0.6048415054730754
179370,chr13,60450000,62050000,60350000,62050000,0.8225037794894631,1.2239274582919744,-0.5734238392784282,0.969714629167527
179649,chr13,65650000,67250000,65650000,67250000,0.9471735810798059,1.027652427266789,-0.1176516520816084,0.7988463471033986
179862,chr13,72750000,73650000,72750000,73750000,0.9172468822191903,1.128359282926011,-0.2988445112496261,0.8944609749750001
179932,chr13,73650000,75350000,73750000,75350000,1.1949427708434361,0.9403662679818822,0.3456468312501923,0.4134185432363592
180002,chr13,75350000,77050000,75350000,76950000,1.4128051286222563,1.0297274994833447,0.4562998829302989,0.31880744631645364
180072,chr13,77050000,77650000,76950000,77650000,1.0826285369739335,1.1113986910685354,-0.03783812466900072,0.7439405396533068
180142,chr13,77650000,79350000,77650000,79450000,0.8549367430505436,1.2423848237443516,-0.5392225280654043,0.9639622511499422
180422,chr13,84850000,85850000,84850000,85850000,1.0340611715298615,1.305713949400767,-0.3365173385376785,0.9093064470474302
180840,chr13,94450000,96050000,94550000,95950000,1.1488370513662547,1.3319237810391684,-0.21333734329537032,0.8544382162097083
180910,chr13,96050000,96950000,95950000,96950000,1.305220144558309,1.253008145025974,0.058897366285386034,0.6682173535992664
180980,chr13,96950000,97850000,96950000,97850000,0.880250766836436,0.9850965604168035,-0.16235056739917328,0.8262414022053999
181261,chr13,101850000,102950000,101850000,102950000,0.8219886256141763,0.8131594498691026,0.015580156989702715,0.7032442427050287
181539,chr13,107150000,108150000,107250000,108250000,0.887911633688384,1.1705729460314431,-0.3987268313495187,0.9303398403140716
181609,chr13,108150000,108950000,108250000,108950000,1.159954676811275,1.2080685589727789,-0.058633895539098216,0.7589577521640085
181679,chr13,108950000,110250000,108950000,110150000,1.923693434220579,1.322151977591682,0.540990884999259,0.25330612266165686
181749,chr13,110250000,111350000,110150000,111350000,2.0499545846877605,1.2126094043509827,0.7574770318164981,0.12349617987259409
181819,chr13,111350000,112450000,111350000,112450000,1.8882109405254586,1.127604535805989,0.743758757351248,0.12999611130339106
181820,chr14,20250000,20950000,20150000,21050000,1.5039135525307064,1.0687715343216981,0.4927681521988765,0.28972794614714914
181886,chr14,20950000,21650000,21050000,21650000,1.2563338077178843,1.1681115772296107,0.1050417529780652,0.6292214842201511
182085,chr14,24550000,25250000,24450000,25250000,0.9531139374145091,1.0095167804581353,-0.08294429911828559,0.7758878803677387
182218,chr14,28750000,30550000,28750000,30650000,0.8215540601194485,0.8024580574742245,0.033929522848943204,0.6886120069813899
182415,chr14,32550000,34450000,32550000,34450000,1.1490224004646714,0.7816966891553548,0.5557260915198432,0.24267723463655821
182481,chr14,34450000,35850000,34450000,35850000,1.3514844755137787,0.9006060946571374,0.5855767937945064,0.22190576716884913
182614,chr14,37150000,37750000,37150000,37850000,1.2118252723458742,1.0820934539835863,0.16335659652872056,0.5780240042757094
183274,chr14,55050000,56550000,55050000,56450000,0.8460992009391672,0.8248862464113914,0.03663163978328339,0.6864311041784766
183340,chr14,56550000,57350000,56450000,57350000,1.069865955087835,0.920961763521929,0.21621688591121827,0.5304199538780203
183737,chr14,63250000,65050000,63350000,65050000,1.4147594568141901,1.2178079214132285,0.21627017868896065,0.5303716225794718
183803,chr14,65050000,66350000,65050000,66250000,1.14828314416583,0.9721755257821215,0.24018970596644082,0.5086445117637994
184067,chr14,69650000,70950000,69650000,71050000,1.1187823502892018,0.8485113097400117,0.3989236048300256,0.366843605486894
184133,chr14,70950000,71850000,71050000,71750000,1.2057898985813393,0.9205895522699684,0.3893485737791301,0.3750927151896981
184595,chr14,78850000,81650000,78850000,81650000,1.14962511182243,1.0447646738567067,0.1379854591005472,0.6005165111332816
184796,chr14,88550000,89850000,88650000,89950000,1.6100148009798214,1.064926393039766,0.596320235363517,0.21468605547636677
184862,chr14,89850000,90850000,89950000,90750000,1.068729022183889,1.5498761048153993,-0.5362567908719099,0.9634238562457302
185260,chr14,99250000,100150000,99250000,100250000,1.8450037385971907,2.1485853323727575,-0.21976333608706,0.8577602265897422
185587,chr15,26850000,28050000,26950000,28050000,1.0433767331525792,0.9867696428846587,0.08047492919781442,0.6501782242620534
185772,chr15,31650000,33150000,31550000,33150000,,,,
185960,chr15,37850000,38650000,37950000,38550000,1.5318244645591375,1.2777477159924968,0.2616479723628543,0.48912932382592555
186209,chr15,43650000,44650000,43750000,44650000,1.392547093482296,1.0996235629996258,0.34071639107463814,0.4178022546474177
186271,chr15,44650000,45750000,44650000,45750000,0.9943717090133789,1.2585213765321512,-0.33987256570844715,0.9105493849106878
186333,chr15,45750000,47150000,45750000,47250000,0.6064410657148268,0.7718717007566847,-0.34799361478728563,0.9135052979076175
186395,chr15,47150000,48250000,47250000,48250000,0.9985772352986273,0.943171911972331,0.08235326279136813,0.6485910212484809
186580,chr15,50250000,51550000,50250000,51550000,0.8098473530599968,0.6573343432572281,0.3010226397190423,0.4534213689912975
186642,chr15,51550000,52750000,51550000,52750000,0.8382230265057764,0.7335619032207822,0.1924154377366225,0.5519502267222149
186704,chr15,52750000,53850000,52750000,53850000,0.7162419066408444,1.0425921869156436,-0.5416561166992896,0.9643991770732393
186766,chr15,53850000,55150000,53850000,55250000,0.7671958932642107,1.1029705642041001,-0.5237273863045174,0.9610762092354169
187014,chr15,59650000,60450000,59650000,60450000,1.0395937756536744,1.1091300113626126,-0.09340858589019391,0.7829621091413588
187201,chr15,64150000,65450000,64150000,65450000,1.5133346941646828,1.1231591368679996,0.4301687409845921,0.340367568393408
187263,chr15,65450000,66450000,65450000,66450000,1.050476036905436,0.8881891585919214,0.24210438541667026,0.5069033610284548
187388,chr15,68250000,69450000,68350000,69450000,1.068227346931468,1.239655896034977,-0.2147209893362803,0.855157883308239
187887,chr15,80350000,81050000,80350000,81050000,1.376266725898615,1.2916125104710658,0.09158677712594208,0.6407513855414789
187949,chr15,81050000,82450000,81050000,82450000,1.3537684343272434,1.2982365175310238,0.06042774041100368,0.666950108820767
188135,chr15,85250000,85850000,85250000,85850000,1.5243829928074113,1.1867637868874716,0.3611926075737108,0.39966956395238906
188447,chr15,93050000,94350000,92950000,94250000,0.9988289270208521,1.0535815405999884,-0.07699246523651238,0.7718064972587197
188509,chr15,94350000,96450000,94250000,96350000,0.983358726874909,0.9444124605594881,0.05830072764844991,0.6687108874228599
188694,chr15,98350000,99150000,98450000,99150000,1.4129521782182586,1.252629556841768,0.17375281200773726,0.5687288306106205
188756,chr15,99150000,99850000,99150000,99850000,1.6310083138836184,1.1495692157325437,0.5046708024930655,0.28051363263467355
188818,chr15,99850000,100550000,99850000,100450000,1.3271994702421723,1.4807639921401343,-0.15795650306551237,0.823658580382255
188879,chr16,4350000,5150000,4350000,5050000,1.400401294200317,1.7277914219553452,-0.3030887664825807,0.8962163534657422
189112,chr16,10850000,12050000,10950000,12150000,1.5066008171940621,1.4186703899190982,0.08675778054717367,0.6448590434094942
189170,chr16,12050000,13850000,12150000,13850000,0.6858040533352631,0.668298239235629,0.03730435799162066,0.6858871286344821
189345,chr16,20650000,21350000,20650000,21350000,1.3298209304431186,1.5741685113535187,-0.2433579965423216,0.869515476862752
189403,chr16,21350000,23550000,21350000,23550000,0.6693419083173883,0.3478875619985434,0.94412224673859,0.05668619694499477
189461,chr16,23550000,24450000,23550000,24450000,0.8418393706613504,0.9400414405421347,-0.15917937519294229,0.8243798098166171
189519,chr16,24450000,25250000,24450000,25250000,1.0923512605192525,1.2088895001775677,-0.14624553032163892,0.8166569992493158
189752,chr16,31050000,46550000,30950000,46550000,,,,
190099,chr16,50850000,52050000,50750000,52050000,1.1399143022954392,1.2380924385444338,-0.11919366518583223,0.7998325354745147
190563,chr16,62150000,63250000,62150000,63350000,0.6544784796200599,1.0492135461077583,-0.680890679310324,0.9830655096378075
190621,chr16,63250000,65050000,63350000,65050000,0.831890849610112,0.8178259347312613,0.024600434206307118,0.6960904859242808
190679,chr16,65050000,66350000,65050000,66350000,0.939715200366431,1.0281096978984385,-0.12969871599860833,0.8064733408301953
190796,chr16,68350000,69250000,68350000,69250000,1.2083452438412192,1.204926963916156,0.004087014120088594,0.7122457457121462
190913,chr16,72050000,74250000,72050000,74350000,1.0191483797758647,1.0781242322937696,-0.08115931792445243,0.7746682276871542
190971,chr16,74250000,75750000,74350000,75750000,1.161032030020878,0.9115739559127883,0.3489761613200013,0.4104644548025923
191029,chr16,75750000,77150000,75750000,77150000,0.8177953247506139,0.9768775085187266,-0.2564378576533524,0.8757343892175646
191087,chr16,77150000,78150000,77150000,78150000,0.7080913682628793,0.6733564476885129,0.07256511835948701,0.656833023840579
191319,chr16,81850000,83850000,81850000,83950000,1.165473581848703,0.7856269094478437,0.5690000517346567,0.23331301555750017
191493,chr16,85750000,86550000,85750000,86550000,1.3018301903675267,0.900756274013845,0.5313325762856438,0.2604034336701706
191551,chr16,86550000,87250000,86550000,87250000,2.124836149194426,0.9648628143309711,1.1389558586510073,0.021310063176632643
191675,chr17,3550000,5450000,3650000,5550000,1.2135105693634027,1.219838944515397,-0.0075040071146860645,0.7211911125227981
191735,chr17,5450000,6550000,5550000,6450000,1.1679549956536421,0.9316040858982687,0.32619581233927447,0.43077013390613894
191915,chr17,9650000,10750000,9750000,10750000,0.9013071149264338,0.8308024954354849,0.11751322985334452,0.6184294677425131
191975,chr17,10750000,12050000,10750000,12150000,0.8234342882388982,1.013281624707843,-0.2993097732612871,0.8946544436479215
192035,chr17,12050000,13150000,12150000,13050000,1.1185862520865495,0.8688503060318261,0.3644969621426936,0.3967624768561726
192398,chr17,27750000,28550000,27750000,28550000,0.9069144941201835,0.8876253934249071,0.031015595593970623,0.6909564666003408
192700,chr17,35850000,37350000,35750000,37450000,0.49802663786215645,1.07373132253043,-1.1083382213757202,0.9990197758129367
192822,chr17,40750000,41650000,40750000,41750000,1.274193366756539,1.3421254991656617,-0.07493534890468889,0.77038620194594
192882,chr17,41650000,43250000,41750000,43250000,1.6816205778421214,0.9246650368307212,0.8628494846372178,0.08106813525619216
193182,chr17,51250000,54850000,51250000,54950000,0.583823904129701,0.8122599530098942,-0.47640823483236705,0.9510815034419909
193723,chr17,66150000,67250000,66150000,67250000,0.813926945336957,0.8020653678046358,0.02117948987964684,0.698812606092671
193783,chr17,67250000,67850000,67250000,67850000,1.2477698653136275,1.319656853288682,-0.08081096568624745,0.7744297659036443
193904,chr17,69350000,70650000,69450000,70750000,0.6860408917070724,0.9104601447372688,-0.40830129351207073,0.933212937492681
193964,chr17,70650000,72650000,70750000,72650000,0.8464963392237849,1.0293283002297942,-0.2821274634232736,0.8873382585852827
194024,chr17,72650000,73350000,72650000,73250000,1.4145624950560765,1.446983455594185,-0.03269251050280395,0.7401508332959902
194205,chr17,77450000,78950000,77450000,78950000,1.292732027276309,1.040079991954448,0.3137287578364262,0.44196450498824746
194265,chr17,78950000,79650000,78950000,79750000,1.4826430493359597,1.2500185518093974,0.24622180012155012,0.5031587079839237
194325,chr17,79650000,81050000,79750000,80950000,1.047169967455493,1.122253601137501,-0.09990309875010635,0.7872869510384466
194387,chr18,2650000,4050000,2650000,4050000,1.2139788610782285,1.0241191556716636,0.2453597184354658,0.5039427769269971
194683,chr18,8550000,10050000,8550000,9950000,1.7154745654288999,1.230477217241976,0.4793897898716961,0.30025107469278745
194742,chr18,10050000,10650000,9950000,10650000,1.57467339697879,0.9733603183993716,0.6940067645910427,0.15553469842688372
194918,chr18,12250000,13050000,12250000,13050000,1.8637858078382339,1.0310906482856386,0.8540648976919356,0.08411787252845371
194977,chr18,13050000,13850000,13050000,13750000,1.867940414777033,1.3436355696977305,0.47530654215068924,0.30349694610132194
195036,chr18,13850000,21950000,13750000,21950000,,,,
195095,chr18,21950000,22850000,21950000,22750000,1.6575883623740377,1.1947568112845295,0.4723687868903572,0.3058418870079388
195154,chr18,22850000,23550000,22750000,23450000,1.5388183664703021,1.0941692810475792,0.49198699650545785,0.29033760321694424
195213,chr18,23550000,24450000,23450000,24350000,1.218340251607042,1.0078768703228425,0.27359769841014436,0.4782699481238457
195570,chr18,36750000,40350000,36750000,40250000,0.9497092632837866,1.0262158210358816,-0.11177634211472581,0.7950622000977459
195629,chr18,40350000,42050000,40250000,42050000,0.6905304428043578,0.954697589684478,-0.46733879826140085,0.9489497136380215
195688,chr18,42050000,43550000,42050000,43650000,0.8588735892893046,0.8752674788701283,-0.027278158912706144,0.7361321887402765
195747,chr18,43550000,45550000,43650000,45550000,1.1892022268521127,0.8143136845280775,0.5463375177860295,0.24942138692194882
195806,chr18,45550000,46050000,45550000,46050000,1.6671633563128125,1.5869552139833665,0.0711340591804441,0.6580319180631234
195865,chr18,46050000,47250000,46050000,47150000,0.8580082046424368,0.8689316112964334,-0.018251191662985243,0.7293624506103729
195984,chr18,48550000,49450000,48550000,49350000,2.429616680400826,1.0891826472955966,1.1574828155327264,0.01924242559892264
196104,chr18,54250000,55150000,54150000,55150000,1.0503856278278365,1.0829593994430429,-0.04406007534641702,0.7484841556967987
196163,chr18,55150000,56650000,55150000,56650000,1.1480379363734237,1.0962181992412727,0.06663532458703592,0.6617903958678923
196222,chr18,56650000,57550000,56650000,57550000,1.0593905542439999,1.5416874540879804,-0.5412757672676811,0.9643311769233612
196341,chr18,59150000,59950000,59150000,59950000,1.513068971142195,1.4311301667235472,0.08032285567300555,0.6503066129704874
196400,chr18,59950000,60650000,59950000,60650000,1.0773704620302682,1.5455792740568564,-0.5206332362735672,0.9604779434758098
196459,chr18,60650000,61450000,60650000,61450000,1.2074603448413666,1.3946071381236251,-0.20788296185980681,0.8515778720482419
196518,chr18,61450000,62250000,61450000,62250000,1.6236350272769384,1.4042027381954305,0.20947612289738468,0.5365293090975545
196697,chr18,67150000,68750000,67250000,68750000,0.9454290805991472,1.1732183268765597,-0.31143036619209447,0.8996044394279366
196934,chr18,74550000,76350000,74550000,76250000,1.144188933192506,0.936569411621618,0.2888674700719887,0.46441798979079696
196993,chr18,76350000,76850000,76250000,76850000,1.3651559962543958,1.5923692620696925,-0.22210911088289106,0.8589600263185316
197052,chr18,76850000,77750000,76850000,77750000,1.1234196315194884,1.1919578156898594,-0.08543625956993132,0.7775843141869876
197729,chr19,22050000,24250000,21950000,24150000,0.6331923652298325,0.7381411404101942,-0.22125284108342846,0.8585228655842774
197872,chr19,30650000,32250000,30650000,32350000,0.7172830321956019,0.6739363740711161,0.08993010940659915,0.642162448468027
198109,chr19,39450000,40750000,39450000,40750000,0.9055290899570787,1.0687924657623418,-0.2391488496238003,0.8674691932595535
198250,chr19,42550000,43450000,42550000,43450000,1.034105753835087,0.695367519614864,0.5725361458677878,0.23085270291242976
198297,chr19,43450000,45950000,43450000,45850000,0.8641716077644626,0.993159782954795,-0.20070800999125926,0.84775835563104
198344,chr19,45950000,47250000,45850000,47250000,1.2914288594681633,1.3246463037712943,-0.03663902209697923,0.7430599931349111
198391,chr19,47250000,48550000,47250000,48550000,1.5243052097909955,1.4816580341421308,0.04093928799814257,0.682940873341069
198438,chr19,48550000,49950000,48550000,49950000,1.8970701823999312,1.926854029022513,-0.022474230341106318,0.7325402724773437
198485,chr19,49950000,51850000,49950000,51850000,0.8537144085725131,1.7002911875220146,-0.9939564060982365,0.9977114548192135
198580,chr19,53650000,55050000,53650000,54950000,0.8129088867772821,0.7931630464573113,0.03547619601984677,0.6873644767767542
198627,chr19,55050000,55650000,54950000,55750000,1.8434040316306763,1.9623844694804191,-0.09023541031954056,0.7808306752384354
198811,chr20,4150000,5250000,4150000,5250000,1.272377225582486,1.1505416074670822,0.14521329704014602,0.5941391878173168
198856,chr20,5250000,6150000,5250000,6150000,1.703961422637418,1.8062586114468564,-0.08411179217322307,0.7766835795539601
198990,chr20,7950000,8750000,7950000,8750000,1.2174331556117413,1.0793124852539477,0.1737299438793058,0.568749320628424
199035,chr20,8750000,9450000,8750000,9450000,1.2350952665337016,1.2080080548421848,0.03199225101738428,0.6901715384334342
199215,chr20,14050000,16750000,14150000,16750000,0.7987482238394081,1.2444855998155249,-0.6397368136276611,0.9787097698266655
199260,chr20,16750000,17450000,16750000,17450000,1.0440772790684676,1.4186522697054567,-0.44229250997019787,0.9426771633673805
199305,chr20,17450000,18450000,17450000,18350000,0.7616710751599882,1.4551737669261564,-0.9339514254284831,0.9965181752724973
199576,chr20,24950000,29050000,24950000,29050000,,,,
199621,chr20,29050000,31450000,29050000,31550000,0.5770408789033619,,,
199848,chr20,39150000,41750000,39050000,41750000,1.2387420927096786,0.9832680115884896,0.3332192343179539,0.4244875058012352
199893,chr20,41750000,43450000,41750000,43450000,0.852864174380323,0.8102600226835251,0.07393103743470496,0.655687227316291
200027,chr20,44950000,45850000,44950000,45850000,1.0723314253896632,0.9790208448995218,0.13133938583549137,0.6063569954372919
200072,chr20,45850000,46650000,45850000,46650000,1.493337987235746,1.4591139857283597,0.03344813690381901,0.6889998471470492
200117,chr20,46650000,47650000,46650000,47650000,1.3568066899253397,0.7827336047321162,0.793621898577667,0.10747072728827733
200252,chr20,49950000,50950000,50050000,50850000,2.1326574203876247,1.2459728007968178,0.775379661728588,0.1153609093149972
200297,chr20,50950000,52250000,50850000,52250000,1.3380510448319363,1.0209996970024893,0.3901507158139722,0.3743993942144733
200431,chr20,54050000,54750000,54050000,54650000,1.021288837780591,1.1619618996883048,-0.1861718215518827,0.8398217969661783
200476,chr20,54750000,56350000,54650000,56350000,0.6354883992923906,0.8414244562377396,-0.40496796167711896,0.9322232619861187
200521,chr20,56350000,57450000,56350000,57450000,1.1242672262123372,0.9177837922927097,0.2927587547427982,0.46089422941972036
200566,chr20,57450000,58250000,57450000,58150000,2.0209959548096,0.9277235641332545,1.1232995426180608,0.02320094620050961
200611,chr20,58250000,59850000,58150000,59950000,1.2879460054192953,0.9932734506340223,0.37480925753728855,0.38772749870041345
200656,chr20,59850000,61850000,59950000,61950000,0.9982763430932223,0.8841553721305256,0.17513932214117753,0.5674861633698756
200786,chr21,25450000,26750000,25550000,26850000,1.1201707055367887,0.9852915092126312,0.18509607498085737,0.558543482575389
200886,chr21,31050000,31750000,31150000,31750000,1.4398170752975226,1.0119733087777119,0.5087142941253402,0.27741599894784774
201011,chr21,36050000,37050000,36050000,36950000,1.4480555392960406,0.9525094742566473,0.6043115894399477,0.20940545020271906
201036,chr21,37050000,37650000,36950000,37650000,1.8646247789534847,1.3705945013831815,0.4440835399001748,0.3288162080387115
201090,chr22,16950000,17650000,16950000,17650000,1.297455404757045,1.4417887357743613,-0.15217483092359768,0.8202233227389986
201252,chr22,25850000,26450000,25750000,26550000,0.7622814633452745,1.0761817114581074,-0.49752599592384456,0.9557699867996339
201284,chr22,26450000,27950000,26550000,27950000,1.4471549350246355,0.9346103576043053,0.6307824569389023,0.1924682881013967
201316,chr22,27950000,29250000,27950000,29250000,0.8738969900222745,0.9513103366651189,-0.12245282104857455,0.8019073312387064
201509,chr22,35250000,36550000,35250000,36550000,1.640071648237728,1.0801032441853124,0.6025896195080447,0.2105368048881764
201574,chr22,38750000,39450000,38650000,39550000,1.6405311461665988,1.4839864941688152,0.1446850222993972,0.5946061688036534
201606,chr22,39450000,40150000,39550000,40250000,1.4486282984415926,1.2051887185866421,0.2654283897578772,0.4856925954622715
201702,chr22,42550000,43250000,42550000,43250000,1.4181517724128916,1.423419387917333,-0.005348851773886399,0.7195381592229769
201734,chr22,43250000,43850000,43250000,43850000,0.8519124234935908,1.043610670174963,-0.292806565581762,0.891926895184703
201766,chr22,43850000,44750000,43850000,44650000,1.3801893770822626,1.3512848722429343,0.03053438444779619,0.69134289109206
201864,chr22,48450000,49650000,48550000,49750000,1.0001105848649943,1.1761119910360007,-0.23386591074813334,0.8648697401829928
202186,chrX,8050000,8750000,7950000,8750000,1.1630520306173109,1.8282584733649336,-0.6525544093898352,0.9801580725516751
202401,chrX,10150000,11150000,10250000,11150000,1.134778608112197,1.4896312154277063,-0.3925443506868524,0.9284346445818045
202508,chrX,11150000,11850000,11150000,11850000,1.9122776798285213,1.5017773056900532,0.3486211352137169,0.4107792279679301
203260,chrX,19450000,20350000,19550000,20450000,1.3336231305225612,1.2622410963284214,0.07936353107654169,0.6511161300303361
203367,chrX,20350000,21850000,20450000,21850000,1.1897949668265342,1.6167001057816641,-0.44233910655761016,0.9426893719345176
203474,chrX,21850000,23750000,21850000,23650000,1.0664453740110362,1.4892389623072575,-0.4817651972580561,0.952306870206506
204221,chrX,30950000,32350000,30850000,32450000,0.8687722042478354,0.8003465625782781,0.11835310106460947,0.6176992705101759
204328,chrX,32350000,33450000,32450000,33450000,1.335511538718879,1.2390974830006716,0.10810274831305466,0.6265817235244583
204435,chrX,33450000,34350000,33450000,34250000,1.0249035532121287,1.1771143936339283,-0.19976637654428617,0.8472522846405077
204863,chrX,40550000,41850000,40550000,41750000,1.3912177899729663,1.0750389021507853,0.37195941891869966,0.39021850294470106
205506,chrX,49850000,50650000,49950000,50650000,1.4150057873764643,1.2870276136531718,0.13676494624874863,0.6015908120988037
205826,chrX,52250000,54050000,52350000,54050000,1.1238333325528105,1.0373734039848628,0.11549280824184649,0.620184323858905
206360,chrX,65550000,66850000,65450000,66950000,0.8883920474723369,0.8241071051221427,0.10836462898929346,0.6263556030971145
206899,chrX,74650000,76150000,74650000,76250000,0.9438311481206602,1.032874112557252,-0.13006373930731838,0.8067016494454733
208615,chrX,106850000,108150000,106950000,108050000,1.0498622488316542,0.8564036931094138,0.2938371237700258,0.4599182414612577
208935,chrX,109550000,111750000,109450000,111750000,0.9964538086916198,1.1348782517226024,-0.1876627007548792,0.8406480262018501
209042,chrX,111750000,112650000,111750000,112550000,0.9507488527705471,0.740932193449483,0.3597227729551165,0.4009644869264162
209472,chrX,120850000,123550000,120750000,123550000,0.6655488644103773,1.0050464514541444,-0.594645684333996,0.9728852824571796
209579,chrX,123550000,124250000,123550000,124150000,1.3983080299420048,1.2259941976385553,0.18973005248799468,0.554370978206655
209901,chrX,129350000,130350000,129450000,130250000,2.231376726123919,1.2891878570228765,0.7914716014551748,0.10838002401318969
210008,chrX,130350000,131050000,130250000,130950000,1.5360144557360809,1.0755081607486632,0.5141733219171011,0.2732606633971474
210115,chrX,131050000,131750000,130950000,131750000,1.417597261970676,1.2696287960998005,0.1590409674793608,0.5818701528001078
210222,chrX,131750000,132750000,131750000,132750000,1.2215167710733834,0.937814910274762,0.3812985498347444,0.3820726605512813
210329,chrX,132750000,134350000,132750000,134450000,1.0738800492090592,1.072659908322045,0.001640119849892466,0.7141453839377966
210436,chrX,134350000,135050000,134450000,134950000,2.467564387801435,1.2811256241506486,0.9456757804938856,0.05628382205841498
210543,chrX,135050000,137150000,134950000,137150000,1.7051725705715206,1.1438881346928154,0.5759717811816052,0.22847622745897678
211296,chrX,151750000,152750000,151650000,152850000,1.6157546280660904,0.9854891641665304,0.7132962105066702,0.1452652885075274
